DROP DATABASE IF EXISTS medialib;
CREATE DATABASE IF NOT EXISTS medialib;
USE medialib;

DROP TABLE IF EXISTS phone;
CREATE TABLE phone (
  phoneID VARCHAR(7) NOT NULL,
  contributorFID VARCHAR(7) NULL,
  telephone VARCHAR(12) NULL,
  PRIMARY KEY(phoneID)
);

DROP TABLE IF EXISTS email;
CREATE TABLE email (
  emailID VARCHAR(5) NOT NULL,
  contributorFID VARCHAR(7) NULL,
  email VARCHAR(80) NULL,
  PRIMARY KEY(emailID)
); 

DROP TABLE IF EXISTS contributor;
CREATE TABLE contributor (
  contributorID VARCHAR(7) NOT NULL,
  phoneFID VARCHAR(7) NOT NULL,
  emailFID VARCHAR(5) NOT NULL,
  lastName VARCHAR(20) NOT NULL,
  firstName VARCHAR(20) NULL,
  PRIMARY KEY(contributorID),
  FOREIGN KEY(phoneFID) REFERENCES phone(phoneID),
  FOREIGN KEY(emailFID) REFERENCES email(emailID)
); 

ALTER TABLE phone 
 ADD CONSTRAINT FOREIGN KEY (contributorFID) REFERENCES contributor(contributorID);
ALTER TABLE email 
 ADD CONSTRAINT FOREIGN KEY (contributorFID) REFERENCES contributor(contributorID);

DROP TABLE IF EXISTS domestic;
CREATE TABLE domestic (
  contributorID VARCHAR(7) NOT NULL CHECK(contributorID <= 'CB50000'),
  state VARCHAR(2) NULL,
  zipCode INT(5) NULL,
  street VARCHAR(50) NULL,
  city VARCHAR(30) NULL,
  PRIMARY KEY(contributorID),
  FOREIGN KEY(contributorID) REFERENCES contributor(contributorID)
); 


DROP TABLE IF EXISTS nondomestic;
CREATE TABLE nondomestic (
  contributorID VARCHAR(7) NOT NULL CHECK(contributorID >= 'CB50001'),
  country VARCHAR(20) NOT NULL,
  PRIMARY KEY(contributorID),
  FOREIGN KEY(contributorID) REFERENCES contributor(contributorID)
); 

DROP TABLE IF EXISTS role;
CREATE TABLE role (
  roleID VARCHAR(5) NOT NULL,
  roleName VARCHAR(20) DEFAULT NULL,
  PRIMARY KEY(roleID)
); 

DROP TABLE IF EXISTS performance;
CREATE TABLE performance (
  performID VARCHAR(6) NOT NULL,
  titleFID INT(7) NOT NULL,
  contributorFID VARCHAR(7) NOT NULL,
  roleFID VARCHAR(5) NOT NULL,
  PRIMARY KEY(performID),
  FOREIGN KEY(contributorFID) REFERENCES contributor(contributorID),
  FOREIGN KEY(roleFID) REFERENCES role(roleID)
); 

DROP TABLE IF EXISTS type1;
CREATE TABLE type1 (
  typeID VARCHAR(3) NOT NULL,
  audioOrVideo VARCHAR(15) DEFAULT NULL,
  typeName VARCHAR(15) DEFAULT NULL,
  PRIMARY KEY(typeID)
);

DROP TABLE IF EXISTS title;
CREATE TABLE title (
  titleID INT(7) NOT NULL,
  typeFID VARCHAR(3) NOT NULL,
  titleName VARCHAR(50) DEFAULT NULL,
  ageSuitabilityRating VARCHAR(5) NULL,
  PRIMARY KEY(titleID),
  FOREIGN KEY(typeFID) REFERENCES type1(typeID)
); 

ALTER TABLE performance 
 ADD CONSTRAINT FOREIGN KEY (titleFID) REFERENCES title(titleID);

DROP TABLE IF EXISTS media;
CREATE TABLE media (
  mtID VARCHAR(8) NOT NULL,
  titleFID INT(7) NOT NULL,
  typeFID VARCHAR(3) NOT NULL,
  PRIMARY KEY(mtID),
  FOREIGN KEY(typeFID) REFERENCES type1(typeID),
  FOREIGN KEY(titleFID) REFERENCES title(titleID)
);

DROP TABLE IF EXISTS movie;
CREATE TABLE movie (
  mtID VARCHAR(8) NOT NULL CHECK(mtID <= 'mt750000' AND mtID >= 'mt500001'),
  typeFID VARCHAR(3) NOT NULL,
  titleFID INT(7) NOT NULL,
  durationHrs INT(2) DEFAULT '0',
  durationMin INT(2) DEFAULT '0',
  fictionOrNot VARCHAR(10) DEFAULT NULL,
  PRIMARY KEY(mtID),
  FOREIGN KEY(mtID) REFERENCES media(mtID),
  FOREIGN KEY(typeFID) REFERENCES type1(typeID),
  FOREIGN KEY(titleFID) REFERENCES title(titleID)
);
 
 DROP TABLE IF EXISTS music;
CREATE TABLE music (
  mtID VARCHAR(8) NOT NULL CHECK(mtID <= 'mt500000' AND mtID >= 'mt250001'),
  typeFID VARCHAR(3) NOT NULL,
  titleFID INT(7) NOT NULL,
  PRIMARY KEY(mtID),
  FOREIGN KEY(mtID) REFERENCES media(mtID),
  FOREIGN KEY(typeFID) REFERENCES type1(typeID),
  FOREIGN KEY(titleFID) REFERENCES title(titleID)
);
 
DROP TABLE IF EXISTS tv;
CREATE TABLE tv (
  mtID VARCHAR(8) NOT NULL CHECK(mtID >= 'mt750001'),
  titleFID INT(7) NOT NULL,
  typeFID VARCHAR(3) NOT NULL,
  seasonNum INT(2) DEFAULT '1',
  numEpisodes INT(2) DEFAULT '1',
  fictionOrNot VARCHAR(10) DEFAULT 'fiction',
  PRIMARY KEY(mtID),
  FOREIGN KEY(mtID) REFERENCES media(mtID),
  FOREIGN KEY(typeFID) REFERENCES type1(typeID),
  FOREIGN KEY(titleFID) REFERENCES title(titleID)
);
 
DROP TABLE IF EXISTS audiobook;
CREATE TABLE audiobook (
  mtID VARCHAR(8) NOT NULL CHECK(mtID <= 'mt250000'),
  typeFID VARCHAR(3) NOT NULL,
  titleFID INT(7) NOT NULL,
  durationHrs INT(2) DEFAULT '0',
  durationMin INT(2) DEFAULT '0',
  fictionOrNot VARCHAR(10) DEFAULT 'fiction',
  PRIMARY KEY(mtID),
  FOREIGN KEY(mtID) REFERENCES media(mtID),
  FOREIGN KEY(typeFID) REFERENCES type1(typeID),
  FOREIGN KEY(titleFID) REFERENCES title(titleID)
);
 
DROP TABLE IF EXISTS publisher;
CREATE TABLE publisher (
  publisherID VARCHAR(4) NOT NULL,
  publisherName VARCHAR(30) NOT NULL,
  PRIMARY KEY(publisherID)
);
 
DROP TABLE IF EXISTS publisher_title;
CREATE TABLE publisher_title (
  ptID VARCHAR(7) NOT NULL,
  publisherFID VARCHAR(4) NOT NULL,
  titleFID INT(7) NOT NULL,
  publishYear INT(4) DEFAULT NULL,
  PRIMARY KEY(ptID),
  FOREIGN KEY(publisherFID) REFERENCES publisher(publisherID),
  FOREIGN KEY(titleFID) REFERENCES title(titleID)
);

DROP TABLE IF EXISTS category;
CREATE TABLE category (
  categoryID VARCHAR(5) NOT NULL,
  digitalOrPhysical VARCHAR(10) DEFAULT NULL,
  PRIMARY KEY(categoryID)
);

DROP TABLE IF EXISTS catformat;
CREATE TABLE catformat (
  ctID VARCHAR(8) NOT NULL,
  titleFID INT(7) NOT NULL,
  categoryFID VARCHAR(5) NOT NULL,
  PRIMARY KEY(ctID),
  FOREIGN KEY(titleFID) REFERENCES title(titleID),
  FOREIGN KEY(categoryFID) REFERENCES category(categoryID)
);
 
DROP TABLE IF EXISTS physical;
CREATE TABLE physical (
  ctID VARCHAR(8) NOT NULL CHECK(ctID >= ct500001),
  titleFID INT(7) NOT NULL,
  categoryFID VARCHAR(5) NOT NULL,
  physicalFormat VARCHAR(15) NULL,
  numMediaObjects INT(2) NULL,
  PRIMARY KEY(ctID),
  FOREIGN KEY(ctID) REFERENCES catformat(ctID),
  FOREIGN KEY(titleFID) REFERENCES title(titleID),
  FOREIGN KEY(categoryFID) REFERENCES category(categoryID)
);
 
DROP TABLE IF EXISTS digital;
CREATE TABLE digital (
  ctID VARCHAR(8) NOT NULL CHECK(ctID <= ct500000),
  titleFID INT(7) NOT NULL,
  categoryFID VARCHAR(5) NOT NULL,
  website VARCHAR(80) NULL,
  PRIMARY KEY(ctID),
  FOREIGN KEY(ctID) REFERENCES catformat(ctID),
  FOREIGN KEY(titleFID) REFERENCES title(titleID),
  FOREIGN KEY(categoryFID) REFERENCES category(categoryID)
);

DROP TABLE IF EXISTS genre;
CREATE TABLE genre (
  genreID VARCHAR(7) NOT NULL,
  genreName VARCHAR(30) NOT NULL,
  PRIMARY KEY(genreID)
);

DROP TABLE IF EXISTS genre_title;
CREATE TABLE genre_title (
  gtID VARCHAR(8) NOT NULL,
  titleFID INT(7) NOT NULL,
  genreFID VARCHAR(7) NOT NULL,
  PRIMARY KEY(gtID),
  FOREIGN KEY(titleFID) REFERENCES title(titleID),
  FOREIGN KEY(genreFID) REFERENCES genre(genreID)
);

INSERT INTO audiobook (mtID,typeFID,titleFID,durationHrs,durationMin,fictionOrNot) VALUES ('mt000001','T1',10000,29,24,'fiction'),('mt000002','T1',10001,20,4,'fiction'),('mt000003','T1',10002,19,20,'fiction'),('mt000004','T1',10003,34,42,'fiction'),('mt000005','T1',10004,1,5,'fiction'),('mt000006','T1',10005,10,8,'fiction'),('mt000007','T1',10006,24,55,'fiction'),('mt000008','T1',10007,23,56,'fiction'),('mt000009','T1',10008,22,17,'fiction'),('mt000010','T1',10009,1,17,'nonFiction'),('mt000011','T1',10010,23,31,'nonFiction'),('mt000012','T1',10011,1,40,'fiction'),('mt000013','T1',10012,12,56,'nonFiction'),('mt000014','T1',10013,10,10,'fiction'),('mt000015','T1',10014,26,39,'fiction'),('mt000016','T1',10015,4,39,'fiction'),('mt000017','T1',10016,9,43,'fiction'),('mt000018','T1',10017,32,17,'nonFiction'),('mt000019','T1',10018,1,57,'nonFiction'),('mt000020','T1',10019,8,57,'nonFiction'),('mt000021','T1',10020,27,11,'fiction'),('mt000022','T1',10022,8,27,'fiction'),('mt000023','T1',10023,30,36,'fiction'),('mt000024','T1',10024,14,45,'fiction');
INSERT INTO category (categoryID,digitalOrPhysical) VALUES ('CA001','physical'),('CA002','digital');
INSERT INTO contributor (contributorID,phoneFID,emailFID,lastName,firstName) VALUES ('CB00001','PC30138','E0138','Fitzgerald','F Scott'),('CB00002','PC30432','E0432','Willis','Noble'),('CB00003','PC30039','E0039','Bowers','Noah'),('CB00004','PC30063','E0063','Carroll','Cairo'),('CB00005','PC30088','E0088','Cochran','Buffy'),('CB00006','PC30278','E0278','Mejia','Willow'),('CB00007','PC30228','E0228','Kane','Emi'),('CB00008','PC30212','E0212','Huber','Kiona'),('CB00009','PC30378','E0378','Shannon','Autumn'),('CB00010','PC30173','E0173','Haley','Brynne'),('CB00011','PC30056','E0056','Burnett','Wang'),('CB00012','PC30203','E0203','Hood','Damian'),('CB00013','PC30045','E0045','Brewer','Dane'),('CB00014','PC30085','E0085','Cline','Mikayla'),('CB00015','PC30192','E0192','Hill','Gloria'),('CB00016','PC30281','E0281','Mercado','Whoopi'),('CB00017','PC30254','E0254','Madden','Teagan'),('CB00018','PC30066','E0066','Cervantes','Roth'),('CB00019','PC30246','E0246','Levine','Teagan'),('CB00020','PC30096','E0096','Cortez','Graiden'),('CB00021','PC30234','E0234','Kirby','Sean'),('CB00022','PC30351','E0351','Rivers','Carson'),('CB00023','PC30125','E0125','Duran','Rylee'),('CB00024','PC30346','E0346','Richard','Hedwig'),('CB00025','PC30206','E0206','Horne','Davis'),('CB00026','PC30141','E0141','Foster','Rina'),('CB00027','PC30312','E0312','Ortiz','Jaime'),('CB00028','PC30135','E0135','Ferrell','Guinevere'),('CB00029','PC30196','E0196','Hodge','Brittany'),('CB00030','PC30389','E0389','Smith','Angela'),('CB00031','PC30365','E0365','Rose','Jeanette'),('CB00032','PC30442','E0442','Young','Ebony'),('CB00033','PC30224','E0224','Johns','Alma'),('CB00034','PC30396','E0396','Stanley','Carson'),('CB00035','PC30348','E0348','Richards','Guinevere'),('CB00036','PC30279','E0279','Melton','Nash'),('CB00037','PC30240','E0240','Landry','Ciaran'),('CB00038','PC30026','E0026','Bentley','Ann'),('CB00039','PC30029','E0029','Best','Finn'),('CB00040','PC30031','E0031','Bird','Hunter'),('CB00041','PC30038','E0038','Bowen','Maile'),('CB00042','PC30040','E0040','Boyd','Walter'),('CB00043','PC30047','E0047','Browning','Carson'),('CB00044','PC30048','E0048','Bryant','Scott'),('CB00045','PC30079','E0079','Church','Elvis'),('CB00046','PC30092','E0092','Conrad','TaShya'),('CB00047','PC30097','E0097','Cote','Nyssa'),('CB00048','PC30098','E0098','Craft','MacKensie'),('CB00049','PC30104','E0104','Curry','Brenden'),('CB00050','PC30109','E0109','Davenport','Cade'),('CB00051','PC30114','E0114','Diaz','Ariel'),('CB00052','PC30121','E0121','Doyle','Grady'),('CB00053','PC30123','E0123','Drake','Patrick'),('CB00054','PC30124','E0124','Duffy','Quin'),('CB00055','PC30128','E0128','Estes','Maryam'),('CB00056','PC30130','E0130','Estrada','Robert'),('CB00057','PC30132','E0132','Ewing','Emerald'),('CB00058','PC30143','E0143','Franks','Buffy'),('CB00059','PC30149','E0149','Gibbs','Abdul'),('CB00060','PC30154','E0154','Gilmore','Nathan'),('CB00061','PC30156','E0156','Gomez','Connor'),('CB00062','PC30161','E0161','Goodwin','Ivor'),('CB00063','PC30162','E0162','Gordon','Herman'),('CB00064','PC30165','E0165','Greene','Indira'),('CB00065','PC30177','E0177','Haney','Lance'),('CB00066','PC30185','E0185','Hebert','Hammett'),('CB00067','PC30188','E0188','Henry','Nayda'),('CB00068','PC30189','E0189','Hernandez','Reece'),('CB00069','PC30202','E0202','Holmes','Harriet'),('CB00070','PC30209','E0209','Howard','Lani'),('CB00071','PC30211','E0211','Hubbard','Nevada'),('CB00072','PC30214','E0214','Hudson','Cullen'),('CB00073','PC30220','E0220','Jackson','Adena'),('CB00074','PC30223','E0223','Johns','Craig'),('CB00075','PC30229','E0229','Kelley','Ora'),('CB00076','PC30230','E0230','Kelly','Lane'),('CB00077','PC30236','E0236','Kline','Wynne'),('CB00078','PC30238','E0238','Lamb','Cailin'),('CB00079','PC30248','E0248','Lewis','Preston'),('CB00080','PC30249','E0249','Little','Kylynn'),('CB00081','PC30260','E0260','May','Donna'),('CB00082','PC30261','E0261','Maynard','Hannah'),('CB00083','PC30284','E0284','Montoya','Chantale'),('CB00084','PC30290','E0290','Moreno','Lance'),('CB00085','PC30294','E0294','Moses','Howard'),('CB00086','PC30300','E0300','Noble','Luke'),('CB00087','PC30307','E0307','Ochoa','Donna'),('CB00088','PC30325','E0325','Perry','Kirk'),('CB00089','PC30331','E0331','Powers','Astra'),('CB00090','PC30338','E0338','Randall','Leandra'),('CB00091','PC30347','E0347','Richards','Abbot'),('CB00092','PC30358','E0358','Rocha','Leigh'),('CB00093','PC30362','E0362','Rojas','Kelly'),('CB00094','PC30364','E0364','Rosario','Armando'),('CB00095','PC30380','E0380','Sharp','Drew'),('CB00096','PC30394','E0394','Spears','Thomas'),('CB00097','PC30397','E0397','Stark','Maile'),('CB00098','PC30398','E0398','Stein','Cathleen'),('CB00099','PC30408','E0408','Tran','Chastity'),('CB00100','PC30409','E0409','Vang','Declan'),('CB00101','PC30420','E0420','Weeks','Kai'),('CB00102','PC30423','E0423','Whitfield','Callum'),('CB00103','PC30428','E0428','Wiley','Zorita'),('CB00104','PC30437','E0437','Woods','Breanna'),('CB00105','PC30440','E0440','Wynn','Bradley'),('CB00106','PC30002','E0002','Abbott','Hammett'),('CB00107','PC30006','E0006','Adkins','Jelani'),('CB00108','PC30008','E0008','Alexander','Jonah'),('CB00109','PC30009','E0009','Alford','Knox'),('CB00110','PC30010','E0010','Alvarado','Alyssa'),('CB00111','PC30011','E0011','Alvarez','Whitney'),('CB00112','PC30012','E0012','Alvarez','Aphrodite'),('CB00113','PC30013','E0013','Armstrong','Kareem'),('CB00114','PC30014','E0014','Ashley','Wynne'),('CB00115','PC30017','E0017','Ayers','Francis'),('CB00116','PC30020','E0020','Barnett','Luke'),('CB00117','PC30021','E0021','Barrera','Kim'),('CB00118','PC30027','E0027','Berger','Jarrod'),('CB00119','PC30028','E0028','Berger','Alan'),('CB00120','PC30032','E0032','Bishop','Ursa'),('CB00121','PC30034','E0034','Black','Addison'),('CB00122','PC30037','E0037','Bonner','Geraldine'),('CB00123','PC30041','E0041','Boyd','Moses'),('CB00124','PC30042','E0042','Branch','Keelie'),('CB00125','PC30043','E0043','Branch','Aidan'),('CB00126','PC30044','E0044','Brewer','Brenna'),('CB00127','PC30046','E0046','Britt','Riley'),('CB00128','PC30049','E0049','Buckley','Urielle'),('CB00129','PC30053','E0053','Burke','Brenna'),('CB00130','PC30054','E0054','Burke','Howard'),('CB00131','PC30057','E0057','Burton','Merrill'),('CB00132','PC30058','E0058','Camacho','Debra'),('CB00133','PC30061','E0061','Carrillo','Burke'),('CB00134','PC30062','E0062','Carroll','John'),('CB00135','PC30065','E0065','Castaneda','Lunea'),('CB00136','PC30067','E0067','Chambers','Heather'),('CB00137','PC30069','E0069','Chang','Jacqueline'),('CB00138','PC30071','E0071','Chapman','Ashton'),('CB00139','PC30076','E0076','Chavez','Echo'),('CB00140','PC30081','E0081','Clemons','Illana'),('CB00141','PC30087','E0087','Cobb','Raya'),('CB00142','PC30090','E0090','Cole','Kane'),('CB00143','PC30093','E0093','Cook','Brenda'),('CB00144','PC30094','E0094','Cooley','Danielle'),('CB00145','PC30099','E0099','Crane','Courtney'),('CB00146','PC30101','E0101','Cross','Helen'),('CB00147','PC30102','E0102','Cruz','Nola'),('CB00148','PC30103','E0103','Cruz','Dustin'),('CB00149','PC30105','E0105','Curry','Reagan'),('CB00150','PC30107','E0107','Dalton','Murphy'),('CB00151','PC30110','E0110','Davis','Marsden'),('CB00152','PC30117','E0117','Dodson','Tyrone'),('CB00153','PC30122','E0122','Doyle','Katelyn'),('CB00154','PC30126','E0126','Emerson','Samantha'),('CB00155','PC30127','E0127','Erickson','Aristotle'),('CB00156','PC30129','E0129','Estes','Gloria'),('CB00157','PC30134','E0134','Farrell','Hyacinth'),('CB00158','PC30144','E0144','Fuentes','Mason'),('CB00159','PC30147','E0147','Garrison','Hedwig'),('CB00160','PC30150','E0150','Gilbert','Clare'),('CB00161','PC30151','E0151','Gill','Upton'),('CB00162','PC30152','E0152','Gilliam','Nola'),('CB00163','PC30157','E0157','Gonzalez','Kim'),('CB00164','PC30158','E0158','Gonzalez','Maya'),('CB00165','PC30167','E0167','Greer','Calista'),('CB00166','PC30169','E0169','Guy','Tucker'),('CB00167','PC30174','E0174','Hall','Murphy'),('CB00168','PC30179','E0179','Hanson','Gary'),('CB00169','PC30183','E0183','Harmon','Autumn'),('CB00170','PC30184','E0184','Haynes','Cain'),('CB00171','PC30186','E0186','Hebert','Tamara'),('CB00172','PC30191','E0191','Hess','Nash'),('CB00173','PC30198','E0198','Hodges','Heidi'),('CB00174','PC30199','E0199','Hogan','Leah'),('CB00175','PC30201','E0201','Holder','Raya'),('CB00176','PC30217','E0217','Hurst','Victor'),('CB00177','PC30225','E0225','Johns','Aiko'),('CB00178','PC30226','E0226','Joyner','Ira'),('CB00179','PC30233','E0233','Kinney','Candace'),('CB00180','PC30235','E0235','Kirk','MacKensie'),('CB00181','PC30239','E0239','Lamb','Armando'),('CB00182','PC30241','E0241','Lang','Audrey'),('CB00183','PC30242','E0242','Leon','Frances'),('CB00184','PC30244','E0244','Lester','Colt'),('CB00185','PC30247','E0247','Levine','Reed'),('CB00186','PC30251','E0251','Logan','Orson'),('CB00187','PC30252','E0252','Long','Clayton'),('CB00188','PC30255','E0255','Madden','Eaton'),('CB00189','PC30256','E0256','Marquez','Abel'),('CB00190','PC30258','E0258','Mason','Sopoline'),('CB00191','PC30263','E0263','Mccarthy','Garrison'),('CB00192','PC30264','E0264','Mccarthy','Vincent'),('CB00193','PC30265','E0265','Mccarty','Isadora'),('CB00194','PC30266','E0266','Mccarty','Justin'),('CB00195','PC30274','E0274','Mckenzie','Lesley'),('CB00196','PC30289','E0289','Moore','Nichole'),('CB00197','PC30288','E0288','Moore','Keaton'),('CB00198','PC30298','E0298','Newton','Jescie'),('CB00199','PC30299','E0299','Nichols','Hadley'),('CB00200','PC30301','E0301','Noble','Fredericka'),('CB00201','PC30304','E0304','Nunez','Laurel'),('CB00202','PC30308','E0308','Odom','Noah'),('CB00203','PC30310','E0310','Olsen','Fitzgerald'),('CB00204','PC30315','E0315','Pace','Irma'),('CB00205','PC30322','E0322','Pearson','Maris'),('CB00206','PC30327','E0327','Phelps','Leigh'),('CB00207','PC30339','E0339','Randall','Samantha'),('CB00208','PC30341','E0341','Ray','Idona'),('CB00209','PC30343','E0343','Reid','Kibo'),('CB00210','PC30344','E0344','Reynolds','Raven'),('CB00211','PC30345','E0345','Rich','Tatiana'),('CB00212','PC30349','E0349','Riley','Ryder'),('CB00213','PC30352','E0352','Roach','Curran'),('CB00214','PC30356','E0356','Roberts','Arden'),('CB00215','PC30357','E0357','Roberts','Aspen'),('CB00216','PC30359','E0359','Rocha','Noelle'),('CB00217','PC30369','E0369','Russo','Tad'),('CB00218','PC30370','E0370','Rutledge','Vance'),('CB00219','PC30372','E0372','Salas','Colt'),('CB00220','PC30373','E0373','Santana','Merrill'),('CB00221','PC30374','E0374','Santiago','Norman'),('CB00222','PC30382','E0382','Sheppard','Brielle'),('CB00223','PC30386','E0386','Sloan','Marah'),('CB00224','PC30390','E0390','Snyder','Porter'),('CB00225','PC30400','E0400','Stewart','Jacob'),('CB00226','PC30406','E0406','Terry','Whilemina'),('CB00227','PC30407','E0407','Todd','Wynter'),('CB00228','PC30413','E0413','Villarreal','Clio'),('CB00229','PC30419','E0419','Watkins','Shellie'),('CB00230','PC30422','E0422','White','Mari'),('CB00231','PC30426','E0426','Whitney','Shad'),('CB00232','PC30427','E0427','Wiley','Iola'),('CB00233','PC30430','E0430','William','Peter'),('CB00234','PC30433','E0433','Wilson','Melanie'),('CB00235','PC30438','E0438','Woodward','Denise'),('CB00236','PC30439','E0439','Workman','Amir'),('CB00237','PC30148','E0148','Gay','Belle'),('CB00238','PC30332','E0332','Powers','Irene'),('CB00239','PC30015','E0015','Austin','Zachary'),('CB00240','PC30120','E0120','Douglas','Adam'),('CB00241','PC30305','E0305','Nunez','Dahlia'),('CB00242','PC30425','E0425','Whitley','Lilah'),('CB00243','PC30381','E0381','Shepherd','Julie'),('CB00244','PC30335','E0335','Puckett','Ryan'),('CB00245','PC30271','E0271','Mcguire','Kevyn'),('CB00246','PC30366','E0366','Roy','Xyla'),('CB00247','PC30137','E0137','Fitzgerald','Micah'),('CB00248','PC30257','E0257','Martinez','Brandon'),('CB00249','PC30277','E0277','Mcmillan','Kane'),('CB00250','PC30273','E0273','Mcintyre','Quinn'),('CB00251','PC30306','E0306','Obrien','George'),('CB00252','PC30262','E0262','Mccall','Joseph'),('CB00253','PC30205','E0205','Hoover','Iris'),('CB00254','PC30190','E0190','Hernandez','Eaton'),('CB00255','PC30403','E0403','Swanson','Beverly'),('CB00256','PC30007','E0007','Albert','Justin'),('CB00257','PC30313','E0313','Ortiz','Anne'),('CB00258','PC30253','E0253','Lyons','Kaseem'),('CB00259','PC30116','E0116','Dixon','Clementine'),('CB00260','PC30083','E0083','Cleveland','Tatiana'),('CB00261','PC30113','E0113','Dennis','Stewart'),('CB00262','PC30316','E0316','Palmer','Flynn'),('CB00263','PC30340','E0340','Randall','Constance'),('CB00264','PC30112','E0112','Decker','Ralph'),('CB00265','PC30414','E0414','Wade','Bevis'),('CB00266','PC30441','E0441','Wynn','Karyn'),('CB00267','PC30082','E0082','Cleveland','Lynn'),('CB00268','PC30360','E0360','Rodgers','Marsden'),('CB00269','PC30072','E0072','Charles','James'),('CB00270','PC30075','E0075','Chase','Cassidy'),('CB00271','PC30388','E0388','Small','Colby'),('CB00272','PC30296','E0296','Myers','Timothy'),('CB00273','PC30336','E0336','Ramos','Ebony'),('CB00274','PC30024','E0024','Beach','Garth'),('CB00275','PC30387','E0387','Small','Aidan'),('CB00276','PC30139','E0139','Fletcher','Imelda'),('CB00277','PC30392','E0392','Sparks','Travis'),('CB00278','PC30003','E0003','Acevedo','Elmo'),('CB00279','PC30142','E0142','Franklin','Kyla'),('CB00280','PC30168','E0168','Gross','Zorita'),('CB00281','PC30136','E0136','Fields','Herrod'),('CB00282','PC30293','E0293','Morrow','Flavia'),('CB00283','PC30181','E0181','Hardin','Lamar'),('CB00284','PC30317','E0317','Parker','Eaton'),('CB00285','PC30070','E0070','Chapman','TaShya'),('CB00286','PC30035','E0035','Blackburn','Giacomo'),('CB00287','PC30383','E0383','Sherman','Mason'),('CB00288','PC30424','E0424','Whitley','Abra'),('CB00289','PC30140','E0140','Flowers','Adele'),('CB00290','PC30180','E0180','Hardin','Myles'),('CB00291','PC30195','E0195','Hobbs','Rahim'),('CB00292','PC30175','E0175','Hampton','Xaviera'),('CB00293','PC30250','E0250','Logan','Quinlan'),('CB00294','PC30108','E0108','Daniels','Ramona'),('CB00295','PC30059','E0059','Carey','Xantha'),('CB00296','PC30178','E0178','Haney','Ethan'),('CB00297','PC30324','E0324','Perkins','Macaulay'),('CB00298','PC30166','E0166','Greene','Amal'),('CB00299','PC30055','E0055','Burnett','David'),('CB00300','PC30245','E0245','Lester','Jasmine'),('CB00301','PC30393','E0393','Spears','Dana'),('CB00302','PC30286','E0286','Moody','Jared'),('CB00303','PC30354','E0354','Robbins','Abdul'),('CB00304','PC30323','E0323','Pearson','Armando'),('CB00305','PC30328','E0328','Phelps','Ashton'),('CB00306','PC30342','E0342','Raymond','Lacey'),('CB00307','PC30227','E0227','Juarez','Judah'),('CB00308','PC30337','E0337','Ramsey','Iona'),('CB00309','PC30159','E0159','Good','Madonna'),('CB00310','PC30411','E0411','Velez','Ginger'),('CB00311','PC30222','E0222','Jennings','Ginger'),('CB00312','PC30363','E0363','Romero','Aiko'),('CB00313','PC30163','E0163','Grant','Mechelle'),('CB00314','PC30435','E0435','Wolfe','Raymond'),('CB00315','PC30221','E0221','Jacobson','Maxine'),('CB00316','PC30287','E0287','Moore','Sonia'),('CB00317','PC30385','E0385','Skinner','Porter'),('CB00318','PC30326','E0326','Peterson','Jada'),('CB00319','PC30334','E0334','Prince','Elvis'),('CB00320','PC30276','E0276','Mcmahon','Daria'),('CB00321','PC30018','E0018','Ballard','Coby'),('CB00322','PC30361','E0361','Rodgers','Gary'),('CB00323','PC30375','E0375','Schroeder','Cullen'),('CB00324','PC30080','E0080','Clemons','Xenos'),('CB00325','PC30237','E0237','Kramer','Cally'),('CB00326','PC30146','E0146','Garner','Mohammad'),('CB00327','PC30019','E0019','Barker','Blair'),('CB00328','PC30210','E0210','Howell','Valentine'),('CB00329','PC30311','E0311','Oneill','Gillian'),('CB00330','PC30182','E0182','Harding','Harlan'),('CB00331','PC30164','E0164','Green','Serina'),('CB00332','PC30051','E0051','Burch','Micah'),('CB00333','PC30204','E0204','Hoover','Serina'),('CB00334','PC30291','E0291','Morin','Lucius'),('CB00335','PC30194','E0194','Hinton','Kylee'),('CB00336','PC30330','E0330','Pierce','Jason'),('CB00337','PC30232','E0232','Kinney','Zachary'),('CB00338','PC30376','E0376','Sellers','Brody'),('CB00339','PC30068','E0068','Chaney','Macey'),('CB00340','PC30193','E0193','Hines','Gregory'),('CB00341','PC30077','E0077','Cherry','Coby'),('CB00342','PC30368','E0368','Russo','Steven'),('CB00343','PC30131','E0131','Everett','Samson'),('CB00344','PC30434','E0434','Wise','Stuart'),('CB00345','PC30153','E0153','Gilliam','Ulysses'),('CB00346','PC30270','E0270','Mcgee','Odette'),('CB00347','PC30231','E0231','Kennedy','Sloane'),('CB00348','PC30404','E0404','Tanner','Colin'),('CB00349','PC30025','E0025','Bell','Austin'),('CB00350','PC30187','E0187','Hendrix','Margaret'),('CB00351','PC30074','E0074','Chase','Danielle'),('CB00352','PC30119','E0119','Douglas','Jin'),('CB00353','PC30379','E0379','Shannon','Chase'),('CB00354','PC30005','E0005','Acevedo','Paloma'),('CB00355','PC30429','E0429','Wilkins','Winter'),('CB00356','PC30207','E0207','Horne','Mariam'),('CB00357','PC30100','E0100','Crawford','Zelenia'),('CB00358','PC30280','E0280','Mendez','Sebastian'),('CB00359','PC30417','E0417','Washington','Zenia'),('CB00360','PC30384','E0384','Silva','Odessa'),('CB00361','PC30377','E0377','Serrano','Brock'),('CB00362','PC30355','E0355','Roberson','Branden'),('CB00363','PC30170','E0170','Guzman','Addison'),('CB00364','PC30318','E0318','Parks','Quinlan'),('CB00365','PC30213','E0213','Hudson','Colin'),('CB00366','PC30073','E0073','Chase','Alexandra'),('CB00367','PC30418','E0418','Waters','Blossom'),('CB00368','PC30416','E0416','Walton','Orson'),('CB00369','PC30421','E0421','Whitaker','Finn'),('CB00370','PC30269','E0269','Mcdaniel','Forrest'),('CB00371','PC30415','E0415','Walters','Lester'),('CB00372','PC30295','E0295','Murray','Kadeem'),('CB00373','PC30282','E0282','Meyers','Iona'),('CB00374','PC30218','E0218','Hutchinson','Timothy'),('CB00375','PC30091','E0091','Coleman','Stephen'),('CB00376','PC30133','E0133','Ewing','Asher'),('CB00377','PC30410','E0410','Velazquez','Jennifer'),('CB00378','PC30176','E0176','Hampton','Jolene'),('CB00379','PC30060','E0060','Carr','Gail'),('CB00380','PC30395','E0395','Spence','Anthony'),('CB00381','PC30285','E0285','Montoya','Drew'),('CB00382','PC30089','E0089','Coffey','Hammett'),('CB00383','PC30033','E0033','Black','Beck'),('CB00384','PC30160','E0160','Good','Brenda'),('CB00385','PC30259','E0259','Mathis','Jack'),('CB00386','PC30401','E0401','Stout','Jason'),('CB00387','PC30095','E0095','Cooley','Wallace'),('CB00388','PC30319','E0319','Patrick','Levi'),('CB00389','PC30267','E0267','Mccullough','Olympia'),('CB00390','PC30431','E0431','Williams','Orson'),('CB00391','PC30118','E0118','Donovan','Noelani'),('CB00392','PC30243','E0243','Leonard','Jaquelyn'),('CB00393','PC30078','E0078','Christensen','Petra'),('CB00394','PC30268','E0268','Mcdaniel','Leroy'),('CB00395','PC30086','E0086','Cline','Ryan'),('CB00396','PC30272','E0272','Mcintosh','Shannon'),('CB00397','PC30171','E0171','Guzman','Alan'),('CB50001','PC30321','E0321','Payne','Sylvia'),('CB50002','PC30329','E0329','Phelps','Elmo'),('CB50003','PC30022','E0022','Barrett','Hanae'),('CB50004','PC30215','E0215','Hull','Hilda'),('CB50005','PC30367','E0367','Russell','Samuel'),('CB50006','PC30030','E0030','Best','Nissim'),('CB50007','PC30052','E0052','Burch','Tana'),('CB50008','PC30333','E0333','Pratt','Bianca'),('CB50009','PC30106','E0106','Curtis','Hadassah'),('CB50010','PC30309','E0309','Odom','Audra'),('CB50011','PC30200','E0200','Holcomb','Cruz'),('CB50012','PC30115','E0115','Diaz','Andrew'),('CB50013','PC30208','E0208','House','Daphne'),('CB50014','PC30314','E0314','Owens','Susan'),('CB50015','PC30353','E0353','Roach','Dorothy'),('CB50016','PC30371','E0371','Ryan','Basil'),('CB50017','PC30064','E0064','Carter','Halee'),('CB50018','PC30350','E0350','Riley','Sydney'),('CB50019','PC30302','E0302','Nolan','Blair'),('CB50020','PC30001','E0001','Abbott','Solomon'),('CB50021','PC30436','E0436','Wong','Cassandra'),('CB50022','PC30216','E0216','Hunter','Amal'),('CB50023','PC30004','E0004','Acevedo','Ramona'),('CB50024','PC30145','E0145','Fulton','Shelley'),('CB50025','PC30023','E0023','Barton','Quon'),('CB50026','PC30391','E0391','Sparks','Bernard'),('CB50027','PC30399','E0399','Stephenson','Elmo'),('CB50028','PC30283','E0283','Michael','Melvin'),('CB50029','PC30197','E0197','Hodges','Jin'),('CB50030','PC30016','E0016','Avery','Kiara'),('CB50031','PC30405','E0405','Terrell','Omar'),('CB50032','PC30155','E0155','Gilmore','Emma'),('CB50033','PC30320','E0320','Patterson','Erica'),('CB50034','PC30111','E0111','Day','Clare'),('CB50035','PC30172','E0172','Hahn','Jameson'),('CB50036','PC30050','E0050','Bullock','Aquila'),('CB50037','PC30292','E0292','Morris','Phillip'),('CB50038','PC30402','E0402','Suarez','Madeson'),('CB50039','PC30036','E0036','Bolton','Zelenia'),('CB50040','PC30412','E0412','Velez','Jade'),('CB50041','PC30303','E0303','Norman','Emerson'),('CB50042','PC30219','E0219','Hyde','Lane'),('CB50043','PC30084','E0084','Cleveland','Ella'),('CB50044','PC30297','E0297','Newton','Phyllis'),('CB50045','PC30275','E0275','Mclaughlin','Jameson');
INSERT INTO digital (ctID,titleFID,categoryFID,website) VALUES ('ct500001',10006,'CA002','https://www.hoopladigital.com/'),('ct500002',10007,'CA002','https://www.hoopladigital.com/'),('ct500003',10008,'CA002','https://www.hoopladigital.com/'),('ct500004',10009,'CA002','https://www.hoopladigital.com/'),('ct500005',10010,'CA002','https://www.hoopladigital.com/'),('ct500006',10011,'CA002','https://www.overdrive.com/'),('ct500007',10012,'CA002','https://www.overdrive.com/'),('ct500008',10013,'CA002','https://www.overdrive.com/'),('ct500009',10014,'CA002','https://www.overdrive.com/'),('ct500010',10015,'CA002','https://www.overdrive.com/'),('ct500011',10016,'CA002','https://rbdigital.com/'),('ct500012',10017,'CA002','https://rbdigital.com/'),('ct500013',10018,'CA002','https://rbdigital.com/'),('ct500014',10019,'CA002','https://rbdigital.com/'),('ct500015',10020,'CA002','https://www.tumblebooks.com/'),('ct500017',10022,'CA002','https://www.tumblebooks.com/'),('ct500018',10023,'CA002','https://www.tumblebooks.com/'),('ct500019',10024,'CA002','https://www.tumblebooks.com/'),('ct500020',10034,'CA002','https://www.hoopladigital.com/'),('ct500021',10035,'CA002','https://www.hoopladigital.com/'),('ct500022',10036,'CA002','https://www.hoopladigital.com/'),('ct500023',10037,'CA002','https://www.hoopladigital.com/'),('ct500024',10038,'CA002','https://www.hoopladigital.com/'),('ct500025',10039,'CA002','https://www.hoopladigital.com/'),('ct500026',10040,'CA002','https://www.hoopladigital.com/'),('ct500027',10041,'CA002','https://www.hoopladigital.com/'),('ct500028',10042,'CA002','https://www.hoopladigital.com/'),('ct500029',10067,'CA002','https://www.overdrive.com/'),('ct500030',10068,'CA002','https://www.overdrive.com/'),('ct500031',10069,'CA002','https://www.overdrive.com/'),('ct500032',10070,'CA002','https://www.overdrive.com/'),('ct500033',10071,'CA002','https://www.overdrive.com/'),('ct500034',10072,'CA002','https://www.overdrive.com/'),('ct500035',10073,'CA002','https://www.overdrive.com/'),('ct500036',10074,'CA002','https://www.overdrive.com/'),('ct500037',10075,'CA002','https://www.overdrive.com/'),('ct500038',10093,'CA002','https://www.overdrive.com/'),('ct500039',10094,'CA002','https://www.overdrive.com/'),('ct500040',10095,'CA002','https://www.overdrive.com/'),('ct500041',10096,'CA002','https://www.overdrive.com/'),('ct500042',10097,'CA002','https://www.overdrive.com/'),('ct500043',10098,'CA002','https://www.overdrive.com/'),('ct500044',10099,'CA002','https://www.overdrive.com/'),('ct500045',10100,'CA002','https://www.overdrive.com/');
INSERT INTO domestic (contributorID,state,zipCode,street,city) VALUES ('CB00001','MA',98744,'1051 Eget, Street','Boston'),('CB00002','MN',20811,'P.O. Box 212, 4834 Donec Street','Holman'),('CB00003','MN',40130,'6960 Ac Road','Pagazzano'),('CB00004','IN',67876,'123-4297 Quisque St.','Olinda'),('CB00005','CT',81796,'Ap #472-9546 Nibh. Av.','Laval'),('CB00006','OH',32922,'1339 Ut, Road','Cap-Rouge'),('CB00007','KS',24313,'P.O. Box 424, 4698 Aliquam Rd.','Firozabad'),('CB00008','NC',49674,'P.O. Box 564, 966 Est Road','Castelvetere in Val Fortore'),('CB00009','RI',11338,'9305 Ac St.','Hathras'),('CB00010','NJ',49153,'P.O. Box 858, 6578 Nec Ave','Mariquina'),('CB00011','WI',96968,'P.O. Box 200, 905 Scelerisque Road','Sunderland'),('CB00012','NJ',66441,'P.O. Box 419, 5462 Tellus Road','Flawinne'),('CB00013','IA',63862,'4260 Id, Road','Padang Sidempuan'),('CB00014','AR',69970,'399-2976 Mauris St.','Alanya'),('CB00015','ID',20197,'P.O. Box 828, 233 Tortor. Rd.','Jafarabad'),('CB00016','MN',33454,'Ap #135-8294 Vulputate, Av.','Meeuwen'),('CB00017','ID',89481,'P.O. Box 125, 6415 Felis. Ave','Great Yarmouth'),('CB00018','AZ',51272,'6414 Dolor. St.','San Diego'),('CB00019','EV',63378,'P.O. Box 487, 8172 Diam. Avenue','Sereflikochisar'),('CB00020','MN',22054,'762-4035 Sit Avenue','Wardha'),('CB00021','IA',78933,'P.O. Box 244, 4774 Lorem Rd.','San Mauro Marchesato'),('CB00022','AZ',30406,'272-9900 Semper. Road','Odemis'),('CB00023','NH',85971,'P.O. Box 396, 9667 Libero Av.','Salt Spring Island'),('CB00024','ID',29969,'Ap #417-5915 Fermentum St.','Ponte San Nicolo'),('CB00025','MT',30235,'3312 Neque Ave','Mglin'),('CB00026','FL',76079,'760-7784 Aliquet Rd.','Barranca'),('CB00027','TX',77645,'271-831 Rutrum St.','Cantley'),('CB00028','NE',44483,'314-4630 Erat. Rd.','Armstrong'),('CB00029','AR',53892,'Ap #640-853 Cum Road','Bastia'),('CB00030','SD',96521,'5901 Curabitur Street','Milazzo'),('CB00031','NV',84586,'4393 Sapien, Rd.','Beaumont'),('CB00032','WA',28490,'821-7810 Lectus St.','Bradford'),('CB00033','CA',71207,'7192 Pede Street','Motta Sant\'Anastasia'),('CB00034','NV',89835,'3339 Augue Road','Knoxville'),('CB00035','SD',29781,'P.O. Box 820, 5768 Sed, Rd.','Alness'),('CB00036','MI',36150,'9158 Eu, Ave','Feltre'),('CB00037','EV',80189,'P.O. Box 965, 6141 Nisi. Street','Broken Arrow'),('CB00038','CT',69856,'P.O. Box 477, 8360 Massa Avenue','Lochristi'),('CB00039','NE',49601,'P.O. Box 240, 4460 Metus. Rd.','Acquasparta'),('CB00040','NV',75597,'Ap #733-2220 Nunc Rd.','Oryol'),('CB00041','NY',11863,'Ap #623-721 Molestie. Rd.','Gwangmyeong'),('CB00042','MT',20481,'854-2733 Dolor Avenue','Devonport'),('CB00043','LA',26771,'9610 Lacinia Ave','Rinconada'),('CB00044','IA',83163,'P.O. Box 365, 9162 Arcu. Rd.','Wardha'),('CB00045','OD',23346,'576-296 Proin St.','Preore'),('CB00046','PA',31753,'8479 Quam Rd.','Etterbeek'),('CB00047','NV',34143,'P.O. Box 468, 9086 Phasellus Street','Galway'),('CB00048','CA',50018,'Ap #836-8631 Fermentum Street','Cercepiccola'),('CB00049','EV',46816,'566-6609 Nullam Ave','Donk'),('CB00050','TX',55009,'P.O. Box 101, 5207 Ut Av.','Mango'),('CB00051','IN',47250,'7457 Leo Rd.','Acquasanta Terme'),('CB00052','OK',76500,'P.O. Box 295, 7322 Porttitor Street','Grantham'),('CB00053','MI',79717,'6393 Magna St.','Ust-Katav'),('CB00054','KS',12605,'621-9856 Pharetra Av.','Hudiksvall'),('CB00055','TN',38488,'739 Magna St.','Bargagli'),('CB00056','GA',70406,'6467 Proin Street','San Martino in Pensilis'),('CB00057','SC',21049,'P.O. Box 266, 497 Placerat. St.','Lombardsijde'),('CB00058','OD',66207,'Ap #630-5499 Odio St.','Hearst'),('CB00059','AK',18497,'600-7412 Nonummy Rd.','Lavacherie'),('CB00060','KY',56142,'Ap #617-6624 Massa. Street','Concepcion'),('CB00061','SD',88707,'429 Mauris Rd.','Putre'),('CB00062','VA',14109,'Ap #338-2194 Diam Avenue','Montgomery'),('CB00063','WA',32168,'645-8679 Fusce Avenue','Degelis'),('CB00064','SC',97795,'4044 Facilisis Rd.','Muzaffargarh'),('CB00065','LA',94036,'7287 Adipiscing Road','Queenstown'),('CB00066','NV',50159,'P.O. Box 609, 5127 Vel St.','Heppenheim'),('CB00067','ND',37485,'176-2580 Pede, Av.','Masullas'),('CB00068','CO',72510,'206-3618 Elit. Rd.','San Diego'),('CB00069','HI',42680,'176-7271 Duis Rd.','Oldenzaal'),('CB00070','IA',89296,'Ap #209-2930 Justo Rd.','Stigliano'),('CB00071','TX',70701,'P.O. Box 105, 6410 Vel Street','Diamer'),('CB00072','SC',35837,'2351 Dui, Road','Cuddalore'),('CB00073','HI',31374,'4625 Non Rd.','Rio Negro'),('CB00074','FL',23412,'Ap #728-3654 Feugiat Avenue','Giurdignano'),('CB00075','EV',60186,'Ap #268-3549 Ante Rd.','San Andres'),('CB00076','KY',44139,'4708 Sit St.','Smetlede'),('CB00077','NM',53281,'8439 Tortor Avenue','Dilbeek'),('CB00078','SC',76357,'P.O. Box 125, 8796 Massa Rd.','Sefro'),('CB00079','LA',35374,'P.O. Box 609, 8918 Lobortis Street','Ponoka'),('CB00080','NH',93708,'817-3815 Egestas Road','Radicofani'),('CB00081','IA',34220,'Ap #191-7856 Non Rd.','Santa Rita'),('CB00082','KS',68907,'637-1715 Montes, Avenue','Mytishchi'),('CB00083','IN',28271,'761-6319 Non Rd.','Essex'),('CB00084','AK',44162,'Ap #859-7268 Vivamus Rd.','St. Albans'),('CB00085','GA',79912,'9355 Class St.','Oxford County'),('CB00086','KY',52297,'Ap #900-2635 Dui. Street','Reno'),('CB00087','KS',30318,'5756 Eu, Ave','Valmacca'),('CB00088','NJ',50801,'Ap #475-7690 Per Rd.','Mosocw'),('CB00089','CA',65406,'886-1088 Mauris, St.','Curridabat'),('CB00090','VT',11308,'P.O. Box 287, 6305 Dictum. Av.','Fairbanks'),('CB00091','KY',66467,'3541 Scelerisque Street','Bergisch Gladbach'),('CB00092','NV',47452,'Ap #387-3090 Etiam Ave','Palmilla'),('CB00093','MN',88056,'Ap #287-8303 In St.','Indianapolis'),('CB00094','IL',96567,'Ap #550-9922 Erat St.','Winnipeg'),('CB00095','ME',44713,'Ap #273-4868 Curabitur Ave','Trivandrum'),('CB00096','VA',62144,'471-485 Nunc Rd.','Akhisar'),('CB00097','AZ',23285,'1886 Donec Avenue','Wigtown'),('CB00098','PA',21295,'Ap #304-6928 Eleifend Road','San Cesario di Lecce'),('CB00099','CT',12066,'856 In, St.','Wadgassen'),('CB00100','AR',76840,'Ap #161-3333 Turpis. Street','Nanded'),('CB00101','ID',29393,'885-3482 Libero. Rd.','Sherborne'),('CB00102','NM',93007,'480-9593 Arcu. Av.','Cedar Rapids'),('CB00103','NV',75763,'802-3450 Vivamus Rd.','Lombardsijde'),('CB00104','OK',29260,'Ap #915-8161 Tempus Street','Bearberry'),('CB00105','MI',12039,'9799 Eleifend Rd.','Prince George'),('CB00106','NC',40352,'Ap #634-2137 Sed Street','Tambov'),('CB00107','UT',55230,'900 Blandit Street','Portland'),('CB00108','NE',96435,'P.O. Box 870, 1517 Ridiculus Rd.','Sanquhar'),('CB00109','WA',44063,'P.O. Box 344, 4641 Sit Rd.','Guardia Perticara'),('CB00110','AL',40321,'1196 Dolor Road','Deschambault'),('CB00111','FL',82122,'Ap #631-2334 Nec, Avenue','Bismil'),('CB00112','NH',70911,'571-1810 Turpis Avenue','Arequipa'),('CB00113','ND',82946,'P.O. Box 340, 9966 Nunc. Rd.','Colmar'),('CB00114','OK',89712,'P.O. Box 882, 298 Ornare Rd.','Villers-Perwin'),('CB00115','OK',81551,'9302 Habitant Street','Cercemaggiore'),('CB00116','ME',87878,'P.O. Box 806, 1816 Augue Rd.','Nijmegen'),('CB00117','ME',57726,'4412 Lacus. St.','Salamanca'),('CB00118','PA',49634,'362-7288 Rhoncus. St.','Blehen'),('CB00119','MS',24403,'829 Turpis St.','Kortrijk'),('CB00120','DE',75593,'P.O. Box 646, 4369 Nibh. Av.','Polatli'),('CB00121','LA',34885,'2031 Ultrices Street','Allerona'),('CB00122','NJ',26576,'6800 Interdum Rd.','Dieppe'),('CB00123','PA',73729,'Ap #121-2093 Nullam Avenue','Coupar Angus'),('CB00124','IL',23560,'444-2710 Egestas. Avenue','Villahermosa'),('CB00125','SD',10804,'740-9353 Enim. Street','Saskatoon'),('CB00126','NJ',49930,'P.O. Box 861, 3901 Luctus Ave','Scarborough'),('CB00127','IL',25290,'387 Magna Ave','Hearst'),('CB00128','MN',75116,'694-1104 Tellus Ave','Stargard Szczecinski'),('CB00129','MT',72150,'601-806 Euismod Rd.','Langford'),('CB00130','TX',47699,'Ap #635-8394 Aenean Av.','Gyeongsan'),('CB00131','SD',50596,'Ap #330-2676 Malesuada Avenue','Ludlow'),('CB00132','HI',82984,'Ap #878-4358 Donec Road','Benalla'),('CB00133','UT',32619,'2409 Quisque Rd.','Vespolate'),('CB00134','AL',51431,'Ap #992-8023 Ipsum. Avenue','Zlatoust'),('CB00135','NC',81135,'P.O. Box 205, 4352 Proin Av.','Quilicura'),('CB00136','MD',27833,'P.O. Box 356, 5276 Sagittis Rd.','Cap-Saint-Ignace'),('CB00137','DE',51113,'7868 Quis Road','Trivandrum'),('CB00138','NV',62113,'9838 Quam. Road','Rotem'),('CB00139','IL',10319,'8969 Dis Street','Ashbourne'),('CB00140','CA',34685,'7332 Venenatis Avenue','Geertruidenberg'),('CB00141','IN',63522,'P.O. Box 273, 3866 Non Ave','Heidelberg'),('CB00142','OR',74084,'Ap #631-7323 Donec Street','Thisnes'),('CB00143','NV',30524,'162-7267 Sapien. Ave','Ulyanovsk'),('CB00144','HI',82419,'Ap #525-4455 Semper Road','Allentown'),('CB00145','MS',10417,'P.O. Box 668, 4874 Dignissim Street','Casnate con Bernate'),('CB00146','OD',29478,'P.O. Box 278, 378 Eget St.','Chandrapur'),('CB00147','IL',62430,'6793 Auctor Ave','Wanneroo'),('CB00148','CT',27483,'P.O. Box 902, 2126 Arcu. Av.','Ottawa'),('CB00149','OR',47523,'P.O. Box 820, 3904 Eros. Rd.','Macklin'),('CB00150','MT',32069,'P.O. Box 343, 6735 Non Rd.','Niquen'),('CB00151','RI',40849,'938 Orci. Rd.','Marcedusa'),('CB00152','NJ',38128,'182-9748 Est Rd.','Monacilioni'),('CB00153','KY',32963,'9892 Nec, St.','Mandela'),('CB00154','OR',91263,'356-8417 Est. Road','Colico'),('CB00155','SC',34907,'P.O. Box 279, 4659 Turpis. Av.','Minyar'),('CB00156','IA',54832,'Ap #780-7758 Mauris, Rd.','Kahramanmaras'),('CB00157','TX',58819,'Ap #162-4894 Enim. Rd.','Okotoks'),('CB00158','OH',42709,'P.O. Box 743, 8835 Duis Street','Kendari'),('CB00159','IN',82917,'8143 Ultrices, Road','Drayton Valley'),('CB00160','ND',67049,'294-4879 Sagittis Rd.','Spaniard\'s Bay'),('CB00161','MD',76860,'140-6432 Ut, Rd.','Montese'),('CB00162','MT',26943,'Ap #692-5099 Non, St.','Richmond'),('CB00163','EV',61415,'P.O. Box 746, 8382 Suspendisse Street','Georgia'),('CB00164','IN',14973,'Ap #137-5686 Magna St.','Blehen'),('CB00165','NM',15906,'Ap #830-6694 Velit St.','Duncan'),('CB00166','FL',96376,'Ap #337-3489 Ligula Rd.','Auvelais'),('CB00167','WA',47146,'7631 Diam St.','Buenaventura'),('CB00168','UT',22125,'Ap #808-206 Eu Rd.','Pointe-aux-Trembles'),('CB00169','AR',32097,'P.O. Box 135, 7871 Vehicula Road','Brunn am Gebirge'),('CB00170','NC',10844,'4422 Mi Av.','Shimla'),('CB00171','DE',40305,'2956 Aliquam Ave','Hoorn'),('CB00172','IN',24797,'521-3954 Felis Ave','Lebbeke'),('CB00173','CO',42861,'Ap #509-2143 Lobortis. St.','Huechuraba'),('CB00174','ME',20575,'P.O. Box 393, 2728 Magna. Rd.','Port Glasgow'),('CB00175','MS',68577,'458-722 Eros Avenue','Illapel'),('CB00176','NH',23803,'322-8954 Dolor Av.','Rodengo/Rodeneck'),('CB00177','CT',73456,'Ap #567-7910 Ultrices, St.','Casper'),('CB00178','KY',39508,'496-5345 Ridiculus Rd.','Benestare'),('CB00179','RI',25816,'P.O. Box 470, 1985 Quisque St.','Gijon'),('CB00180','WY',89767,'497-880 Justo. Rd.','Vezzi Portio'),('CB00181','NH',26761,'4735 Blandit St.','Jammu'),('CB00182','VA',50413,'221-8936 Pede, St.','Ramenskoye'),('CB00183','OD',73947,'Ap #482-2621 Imperdiet Rd.','Borno'),('CB00184','HI',46052,'P.O. Box 853, 7788 Diam Av.','Bally'),('CB00185','PA',86044,'P.O. Box 239, 4382 Nunc St.','Breton'),('CB00186','OD',72855,'P.O. Box 941, 4767 Urna. Av.','Galway'),('CB00187','KY',81458,'P.O. Box 707, 3682 Nam Rd.','Glabais'),('CB00188','CO',22573,'255-3260 Ipsum Street','Assiniboia'),('CB00189','GA',14900,'Ap #809-3065 Morbi Ave','Oklahoma City'),('CB00190','OD',11268,'Ap #649-3710 Eu Rd.','Kearny'),('CB00191','OH',91559,'Ap #637-5709 Arcu Av.','Valda'),('CB00192','OK',16031,'Ap #616-3448 Neque Rd.','Kukatpalle'),('CB00193','OH',26367,'623-9062 Vitae, Road','Henderson'),('CB00194','NC',97868,'P.O. Box 789, 4664 Accumsan Avenue','Minna'),('CB00195','RI',89986,'9380 Eu Avenue','Stockton-on-Tees'),('CB00196','IL',40753,'P.O. Box 913, 5641 Aliquet St.','Ururi'),('CB00197','WI',95888,'Ap #584-2914 Egestas. Street','Montauban'),('CB00198','NH',76046,'2990 Pede Rd.','San Donato di Ninea'),('CB00199','WA',22589,'7382 Mattis St.','Oaxaca'),('CB00200','MN',97176,'673-2928 Quisque Road','Holman'),('CB00201','OD',48555,'Ap #769-1366 Vel Av.','Rutigliano'),('CB00202','VA',82735,'483 Aliquam Avenue','Las Palmas'),('CB00203','MO',36644,'Ap #127-2748 Consectetuer Road','Gifhorn'),('CB00204','ME',42252,'152-1706 Nec St.','Burlington'),('CB00205','MT',30703,'P.O. Box 922, 6698 Nunc Ave','Swan Hills'),('CB00206','NC',90143,'Ap #240-4373 Orci Ave','Recco'),('CB00207','VT',18570,'Ap #329-7337 Elit Street','Springdale'),('CB00208','EV',28974,'8724 Lorem Road','Alajuela'),('CB00209','CA',61105,'2558 Nec, Rd.','Milmort'),('CB00210','CA',73181,'447-2474 Purus Av.','Villers-la-Loue'),('CB00211','NV',21421,'4561 In Avenue','Muzaffargarh'),('CB00212','TN',10103,'3927 Arcu. Street','Forgaria nel Friuli'),('CB00213','AR',42134,'4795 Mauris. Ave','Pugwash'),('CB00214','AL',17635,'9767 Sagittis St.','Cawdor'),('CB00215','MN',59444,'P.O. Box 964, 3895 Sodales Avenue','Rutland'),('CB00216','VA',24591,'655-1963 Dapibus Street','Racine'),('CB00217','CO',39148,'697-7334 A Rd.','Holman'),('CB00218','IL',53685,'Ap #652-1738 Tempus St.','Massimino'),('CB00219','TX',65879,'974-8250 Tristique Av.','Thisnes'),('CB00220','VA',29240,'Ap #965-3325 Eget, Ave','Campagna'),('CB00221','AL',83799,'805-9171 Ante. Street','Saint-Remy'),('CB00222','MO',85004,'P.O. Box 681, 730 Semper Ave','Zerba'),('CB00223','MT',14448,'P.O. Box 763, 2058 Luctus Ave','Hull'),('CB00224','CA',71949,'P.O. Box 151, 2037 Nam Rd.','Nedlands'),('CB00225','MO',34344,'9392 Felis, Avenue','Pocheon'),('CB00226','NH',90457,'Ap #574-8337 Egestas. St.','Meetkerke'),('CB00227','DE',20863,'4861 Eleifend Rd.','Warszawa'),('CB00228','HI',67527,'949 At, St.','Iksan'),('CB00229','CT',90333,'Ap #572-522 Lacus. St.','Tomaszow Mazowiecki'),('CB00230','AL',16805,'7315 Nec Street','Woutersbrakel'),('CB00231','RI',84478,'Ap #908-5204 Fames Road','Jaen'),('CB00232','AR',63220,'P.O. Box 543, 552 Arcu. Rd.','Saguenay'),('CB00233','MS',59054,'261-4839 Aliquam Rd.','Durgapur'),('CB00234','OK',83952,'P.O. Box 209, 6670 Eget St.','Ayr'),('CB00235','MO',55240,'P.O. Box 128, 8609 Suscipit, Street','Griesheim'),('CB00236','ND',62251,'887-149 Donec Av.','Kotamobagu'),('CB00237','AL',21325,'2111 Semper, Street','Sanliurfa'),('CB00238','UT',64850,'196-1183 Tempor Road','Guysborough'),('CB00239','MI',62940,'472-2472 Parturient St.','Reading'),('CB00240','PA',19268,'4523 Vulputate, Rd.','Paita'),('CB00241','AR',30316,'P.O. Box 901, 9545 Vestibulum Avenue','Enines'),('CB00242','LA',56018,'932-7142 Elit. Rd.','Bay Roberts'),('CB00243','UT',81354,'316-5595 Neque Ave','Priolo Gargallo'),('CB00244','MD',35185,'232-1971 Feugiat Road','East Linton'),('CB00245','IA',47509,'P.O. Box 159, 5957 Nisi. Road','Paiguano'),('CB00246','MT',28011,'Ap #571-5968 Neque. Street','Sarre'),('CB00247','OH',63439,'P.O. Box 389, 9485 Tristique St.','LaSalle'),('CB00248','CT',15626,'Ap #486-8751 Donec Ave','Waitara'),('CB00249','TX',68856,'707-1753 Tristique Avenue','Boorsem'),('CB00250','NJ',12932,'177-9010 Elit Ave','Schwabisch Gmund'),('CB00251','OD',20109,'Ap #701-4470 Magnis Ave','Beaumont'),('CB00252','RI',19000,'Ap #255-2784 Ut St.','Augsburg'),('CB00253','MT',59872,'P.O. Box 523, 2379 Odio Rd.','Barrie'),('CB00254','OH',54057,'9533 Eleifend Road','Baltasound'),('CB00255','CA',33791,'P.O. Box 721, 7935 Non, Rd.','Sautin'),('CB00256','OD',79676,'Ap #676-9525 Velit Rd.','Kasterlee'),('CB00257','MA',23581,'3228 Vivamus St.','Bellefontaine'),('CB00258','IL',84614,'442-4503 Cras Av.','Isnes'),('CB00259','OR',57532,'326-688 Lacus, Rd.','Punitaqui'),('CB00260','NM',21016,'Ap #647-6535 Ante Av.','Nicolosi'),('CB00261','VT',30503,'P.O. Box 731, 5531 Justo Street','Newbury'),('CB00262','ND',62597,'727-2132 Cras Road','Vigo'),('CB00263','SD',66157,'P.O. Box 397, 1376 Natoque Street','Cap-Rouge'),('CB00264','SD',24582,'805-7439 Nibh Rd.','Guben'),('CB00265','MN',64348,'Ap #399-455 Ornare, Avenue','Salamanca'),('CB00266','ME',92466,'Ap #260-9338 Non, St.','Westkerke'),('CB00267','AR',25126,'2582 Volutpat. Street','Elk'),('CB00268','MI',98320,'8116 Orci. St.','Latinne'),('CB00269','VA',92004,'2219 Malesuada Av.','Woodlands County'),('CB00270','WA',79279,'Ap #658-7189 Ante. St.','Castel di Tora'),('CB00271','EV',16561,'4831 Augue Road','Nanded'),('CB00272','EV',52735,'936-6957 Mi Street','Baulers'),('CB00273','PA',65203,'Ap #445-5024 Sem St.','Birecik'),('CB00274','MN',91387,'418-3946 Feugiat Road','Colchane'),('CB00275','NM',83456,'1328 Placerat, Road','Alto Biobio'),('CB00276','OR',46458,'2703 Mauris, Rd.','IJlst'),('CB00277','MN',33246,'P.O. Box 385, 4319 Tempor Road','Yeongcheon'),('CB00278','LA',33989,'982-6835 Parturient Rd.','Gottingen'),('CB00279','ME',60809,'8960 Lacinia Street','Cranbrook'),('CB00280','ME',51079,'843-9343 Ac Road','Oaxaca'),('CB00281','MD',47539,'268-2543 Dolor Av.','Basingstoke'),('CB00282','EV',22324,'7935 Lacus Road','San Giovanni Suergiu'),('CB00283','AZ',88816,'909 Arcu. Avenue','Denver'),('CB00284','LA',69954,'4006 Quisque Street','Courcelles'),('CB00285','NC',20668,'P.O. Box 437, 177 Luctus Street','Castiglione a Casauria'),('CB00286','NY',93496,'Ap #474-7282 Molestie. Ave','Milena'),('CB00287','CO',25648,'7835 Imperdiet Rd.','Beauport'),('CB00288','KY',40063,'Ap #317-2638 Mauris Av.','Baschi'),('CB00289','NH',31816,'Ap #764-2865 Vel, Av.','Galbiate'),('CB00290','WY',11226,'Ap #619-6896 Nunc St.','Gravatai'),('CB00291','VA',55686,'P.O. Box 451, 5418 Sed St.','Kaluga'),('CB00292','TX',61053,'305-8582 Morbi Rd.','Wunstorf'),('CB00293','AR',96671,'Ap #163-9395 Et St.','Fort McPherson'),('CB00294','WY',60895,'P.O. Box 151, 2301 Libero Rd.','Lecce'),('CB00295','VA',60505,'Ap #518-630 Egestas St.','Dosquebradas'),('CB00296','WA',68763,'Ap #958-6092 Netus St.','Leamington'),('CB00297','MS',26220,'Ap #529-4709 Nibh Ave','Callander'),('CB00298','WY',32253,'P.O. Box 751, 5816 Est Road','Protvino'),('CB00299','MN',52757,'Ap #462-7628 Phasellus St.','Evere'),('CB00300','RI',78543,'Ap #733-8862 Quisque Av.','Gojra'),('CB00301','NC',81306,'Ap #525-6460 Conubia Road','Stokkem'),('CB00302','MT',10166,'Ap #666-9584 Eleifend. St.','Town of Yarmouth'),('CB00303','SD',64594,'869 Mauris. Rd.','Pisa'),('CB00304','ND',37123,'P.O. Box 551, 7752 Lacus. Road','Limena'),('CB00305','TN',81322,'Ap #369-9330 Dui Street','Hyderabad'),('CB00306','NV',84401,'681-9706 Ac Av.','Pont-Saint-Martin'),('CB00307','WY',91306,'495-4813 Placerat Rd.','Oakham'),('CB00308','MD',73136,'885-2376 Metus St.','Istres'),('CB00309','MT',47210,'326-6873 Auctor, Av.','Grand Island'),('CB00310','KY',99074,'3637 Consequat Av.','Phoenix'),('CB00311','IA',53092,'636-748 Neque Rd.','Tuticorin'),('CB00312','ME',97122,'855-1012 Duis Rd.','Karapinar'),('CB00313','KS',20322,'8520 Purus St.','Pickering'),('CB00314','PA',53636,'P.O. Box 207, 9540 Sed Rd.','Whitehorse'),('CB00315','ME',97773,'P.O. Box 977, 5229 Sociis Rd.','Helmond'),('CB00316','NV',71690,'9274 Egestas. Road','Xalapa'),('CB00317','IN',14684,'P.O. Box 727, 967 Nec Road','Toronto'),('CB00318','ID',13466,'102-598 A, Av.','Yeovil'),('CB00319','OR',86546,'Ap #800-7206 Montes, St.','Lossiemouth'),('CB00320','ND',19010,'5082 Ut St.','Sawahlunto'),('CB00321','TN',15661,'985-6455 Curabitur St.','Tomsk'),('CB00322','IL',38937,'P.O. Box 930, 3154 Amet Rd.','Port Augusta'),('CB00323','LA',53734,'5699 Dolor St.','Oristano'),('CB00324','WY',77534,'Ap #447-7588 Dui. Ave','Neu-Isenburg'),('CB00325','NE',59286,'873-5034 Urna, Ave','Jumet'),('CB00326','AZ',54948,'835-1559 Donec Ave','Avadi'),('CB00327','MO',65958,'Ap #955-2401 Faucibus Rd.','Macklin'),('CB00328','HI',71506,'732-115 Interdum Street','Mango'),('CB00329','CO',60090,'Ap #277-5308 Convallis Av.','Vaughan'),('CB00330','OR',97753,'797-1151 Eros. Rd.','Lodz'),('CB00331','ID',75654,'414-4048 Fermentum Av.','Thorold'),('CB00332','EV',19107,'1924 Lobortis Road','Port Moody'),('CB00333','OK',49764,'P.O. Box 558, 2154 Massa. Rd.','Rawalpindi'),('CB00334','AR',94256,'Ap #666-6707 Iaculis St.','Wittenberg'),('CB00335','CO',21404,'8523 Et, Rd.','Northampton'),('CB00336','NE',56153,'7145 Pharetra Street','Pontarlier'),('CB00337','ND',71816,'183-4598 Nam Av.','Logan City'),('CB00338','AR',43913,'5424 Parturient Ave','Castelmarte'),('CB00339','MD',78523,'P.O. Box 381, 7670 Et Road','Burnie'),('CB00340','CO',35583,'3061 Aptent Road','Deurne'),('CB00341','ND',19010,'4733 Pede St.','Olinda'),('CB00342','CT',88280,'Ap #752-6400 A Ave','Tilff'),('CB00343','NJ',42452,'P.O. Box 319, 413 Aliquam Road','Rivello'),('CB00344','PA',45398,'810-224 Tempor Ave','Stalowa Wola'),('CB00345','WA',73806,'Ap #378-8038 Egestas. Road','Medicine Hat'),('CB00346','OR',77312,'5191 Lacinia Road','Juliaca'),('CB00347','AR',45425,'4587 Eros St.','Toulouse'),('CB00348','ND',93380,'685-2242 A Rd.','Saint Louis'),('CB00349','MO',60537,'P.O. Box 768, 7381 Nulla Road','Quebec City'),('CB00350','NY',87431,'Ap #511-6774 Libero. Rd.','Iquitos'),('CB00351','VT',19476,'P.O. Box 468, 2806 Eu St.','Castel del Giudice'),('CB00352','SC',22078,'346-7729 Purus Road','Lathuy'),('CB00353','MS',23670,'Ap #326-9132 Ut Street','San Antonio'),('CB00354','AZ',88100,'7712 Vel Rd.','Sioux City'),('CB00355','FL',37788,'P.O. Box 543, 8202 Dolor Rd.','Larkana'),('CB00356','DE',28801,'P.O. Box 159, 8369 Duis Rd.','Gierle'),('CB00357','OD',18089,'Ap #132-7851 Maecenas St.','Buxton'),('CB00358','TX',52765,'6941 Ante. Rd.','Schwerin'),('CB00359','DE',80725,'P.O. Box 812, 2777 Fusce St.','Belvedere Ostrense'),('CB00360','AZ',42463,'Ap #872-4839 Augue Rd.','Northumberland'),('CB00361','MI',26735,'P.O. Box 364, 1374 Neque St.','Greater Sudbury'),('CB00362','OD',90250,'Ap #744-6581 Enim Avenue','Bryansk'),('CB00363','DE',85895,'Ap #447-4247 Est. St.','Magdeburg'),('CB00364','MN',96975,'Ap #743-6305 Lacus. Rd.','Viano'),('CB00365','CT',61897,'128-5601 Eu Road','Argyle'),('CB00366','ND',11293,'8467 Vehicula Rd.','Antuco'),('CB00367','KS',66882,'333-1847 Metus Rd.','Smoky Lake'),('CB00368','MN',37243,'774 Phasellus St.','Dunfermline'),('CB00369','OK',52449,'502-9766 Sed Av.','Ferrandina'),('CB00370','WY',83942,'P.O. Box 891, 7537 Placerat, Road','Fort Smith'),('CB00371','VT',69720,'Ap #430-2492 Phasellus Av.','Amstetten'),('CB00372','WI',50306,'P.O. Box 741, 3856 Placerat, St.','Palagianello'),('CB00373','NY',52523,'114-8878 Aenean Av.','Armenia'),('CB00374','ME',97889,'1802 Lectus, Road','Franeker'),('CB00375','WY',67164,'Ap #780-3580 Suspendisse St.','Dorval'),('CB00376','AR',55486,'P.O. Box 914, 4057 Neque. Rd.','Meeuwen'),('CB00377','OR',92666,'Ap #356-3513 Fringilla. Street','Gaithersburg'),('CB00378','NV',36203,'628-3382 In Rd.','Gruitrode'),('CB00379','OK',46606,'P.O. Box 944, 4228 Cursus, Rd.','Tharparkar'),('CB00380','WY',30094,'Ap #702-3764 Eu, Av.','Malbaie'),('CB00381','OK',30841,'476-9740 Orci St.','Pali'),('CB00382','VA',72613,'338-6872 Metus St.','Machelen'),('CB00383','TX',35633,'962-8744 Nec, Avenue','Schwechat'),('CB00384','RI',94223,'4252 Nec Road','Idaho Falls'),('CB00385','EV',31877,'166-2365 Est. Rd.','Padang Sidempuan'),('CB00386','NH',65956,'838-3279 Accumsan St.','Maransart'),('CB00387','ND',85203,'4973 Malesuada St.','Navsari'),('CB00388','NY',48245,'7713 Lectus Street','Strongoli'),('CB00389','WA',73563,'P.O. Box 311, 560 Lacus. Street','Whitehaven'),('CB00390','MI',19687,'Ap #247-8589 Urna. Street','Machelen'),('CB00391','AR',87296,'Ap #325-3986 Iaculis Ave','Rixensart'),('CB00392','TN',91142,'P.O. Box 465, 4816 Ligula. Av.','Drancy'),('CB00393','MT',80780,'P.O. Box 709, 5826 Nibh St.','Fabro'),('CB00394','TX',38817,'P.O. Box 424, 2863 Cum St.','Las Vegas'),('CB00395','MO',79228,'P.O. Box 340, 5145 Tellus Rd.','Chiusanico'),('CB00396','MS',13136,'743-2322 Ante, Road','Coinco'),('CB00397','EV',88937,'351-6266 Tristique Street','Saint-Remy');
INSERT INTO email (emailID,contributorFID,email) VALUES ('E0138','CB00001','Mauris.magna.Duis@nisl.com'),('E0432','CB00002','ligula.Donec.luctus@turpisAliquam.net'),('E0039','CB00003','in.magna.Phasellus@malesuada.edu'),('E0063','CB00004','molestie.dapibus.ligula@ametorci.co.uk'),('E0088','CB00005','egestas.hendrerit.neque@ultricesposuere.net'),('E0278','CB00006','commodo.auctor@atliberoMorbi.co.uk'),('E0228','CB00007','felis.Nulla.tempor@in.org'),('E0212','CB00008','nec.enim@Integerinmagna.net'),('E0378','CB00009','consequat@luctus.edu'),('E0173','CB00010','ac@imperdietullamcorper.org'),('E0056','CB00011','Proin.mi.Aliquam@vestibulumneceuismod.edu'),('E0203','CB00012','elit.sed@doloregestasrhoncus.ca'),('E0045','CB00013','risus.Donec.egestas@vitae.org'),('E0085','CB00014','leo.Cras@nuncestmollis.co.uk'),('E0192','CB00015','ornare@ultriciesligulaNullam.co.uk'),('E0281','CB00016','lorem@turpisegestasFusce.org'),('E0254','CB00017','dolor.nonummy@nuncQuisqueornare.net'),('E0066','CB00018','rhoncus.Nullam@egestasrhoncusProin.ca'),('E0246','CB00019','in.dolor.Fusce@sociisnatoque.com'),('E0096','CB00020','non.vestibulum@lobortisauguescelerisque.co.uk'),('E0234','CB00021','ultrices.a@velitCras.org'),('E0351','CB00022','aliquam.enim.nec@blandit.net'),('E0125','CB00023','mollis.non.cursus@sed.net'),('E0346','CB00024','vel.pede.blandit@estarcuac.org'),('E0206','CB00025','malesuada.malesuada.Integer@Nuncmauris.ca'),('E0141','CB00026','risus.Donec.nibh@augueeutempor.edu'),('E0312','CB00027','lorem.tristique.aliquet@nisimagna.co.uk'),('E0135','CB00028','Nulla.facilisis@ante.net'),('E0196','CB00029','ut.eros.non@dignissim.co.uk'),('E0389','CB00030','aliquet@Aliquamauctorvelit.com'),('E0365','CB00031','est.ac.facilisis@tinciduntDonec.org'),('E0442','CB00032','tellus@nunc.com'),('E0224','CB00033','Donec.nibh@uterosnon.co.uk'),('E0396','CB00034','arcu.Vestibulum@accumsansed.net'),('E0348','CB00035','metus@eteros.org'),('E0279','CB00036','dui.Cras@Nunccommodoauctor.net'),('E0240','CB00037','parturient.montes.nascetur@liberoIntegerin.co.uk'),('E0026','CB00038','sed.pede.Cum@venenatisamagna.co.uk'),('E0029','CB00039','at.velit.Cras@pellentesquea.com'),('E0031','CB00040','eu.accumsan.sed@nondapibus.ca'),('E0038','CB00041','ornare.egestas.ligula@dolorsitamet.ca'),('E0040','CB00042','pede.Suspendisse@Utsagittis.com'),('E0047','CB00043','non.arcu.Vivamus@parturient.edu'),('E0048','CB00044','euismod@vitaealiquet.ca'),('E0079','CB00045','id@est.net'),('E0092','CB00046','Proin.eget.odio@nequeIn.edu'),('E0097','CB00047','Aliquam.nisl@adipiscingligula.com'),('E0098','CB00048','feugiat@commodohendrerit.ca'),('E0104','CB00049','Maecenas.ornare.egestas@hendreritDonecporttitor.co.uk'),('E0109','CB00050','congue.elit.sed@risusDonec.org'),('E0114','CB00051','Vestibulum.ante.ipsum@afelis.com'),('E0121','CB00052','in.aliquet.lobortis@vestibulumnequesed.com'),('E0123','CB00053','erat@musProin.net'),('E0124','CB00054','nec.ligula.consectetuer@convallisantelectus.edu'),('E0128','CB00055','felis.orci@risusaultricies.edu'),('E0130','CB00056','ligula.consectetuer.rhoncus@odiosemper.ca'),('E0132','CB00057','molestie.pharetra.nibh@cursuset.co.uk'),('E0143','CB00058','eget.ipsum@miacmattis.edu'),('E0149','CB00059','erat.in.consectetuer@nisi.net'),('E0154','CB00060','elit.elit.fermentum@nec.edu'),('E0156','CB00061','purus.mauris.a@porta.ca'),('E0161','CB00062','ut.odio@amet.co.uk'),('E0162','CB00063','blandit@velturpisAliquam.ca'),('E0165','CB00064','mi.ac@Proinvelnisl.ca'),('E0177','CB00065','ridiculus@cursusIntegermollis.ca'),('E0185','CB00066','felis.eget.varius@velit.net'),('E0188','CB00067','ultricies.dignissim@fringilla.org'),('E0189','CB00068','dui@tristiquesenectuset.ca'),('E0202','CB00069','vitae@Morbisitamet.co.uk'),('E0209','CB00070','molestie.pharetra@indolor.edu'),('E0211','CB00071','leo@eu.co.uk'),('E0214','CB00072','eget.dictum.placerat@ornarelectus.ca'),('E0220','CB00073','nisl.sem@risus.com'),('E0223','CB00074','nec@adipiscing.net'),('E0229','CB00075','metus.eu.erat@metus.ca'),('E0230','CB00076','parturient@semperdui.org'),('E0236','CB00077','in.hendrerit.consectetuer@erategetipsum.com'),('E0238','CB00078','libero.Donec.consectetuer@vitae.net'),('E0248','CB00079','eu@mi.org'),('E0249','CB00080','ut.pellentesque.eget@interdumenim.co.uk'),('E0260','CB00081','dapibus.gravida.Aliquam@ornareplacerat.edu'),('E0261','CB00082','turpis@aultricies.ca'),('E0284','CB00083','placerat.Cras.dictum@nuncnullavulputate.com'),('E0290','CB00084','et.nunc.Quisque@eulacusQuisque.org'),('E0294','CB00085','aliquet@nibh.net'),('E0300','CB00086','morbi.tristique.senectus@risus.com'),('E0307','CB00087','vel.vulputate@semper.org'),('E0325','CB00088','velit@laoreetliberoet.org'),('E0331','CB00089','pellentesque.eget@ullamcorper.ca'),('E0338','CB00090','nec.urna@penatibus.org'),('E0347','CB00091','adipiscing.elit@nec.org'),('E0358','CB00092','ligula@metusVivamus.co.uk'),('E0362','CB00093','luctus.ipsum.leo@orci.net'),('E0364','CB00094','sed.dui.Fusce@fringillami.co.uk'),('E0380','CB00095','auctor.quis@ornare.net'),('E0394','CB00096','nibh.vulputate.mauris@atrisusNunc.edu'),('E0397','CB00097','ligula.Aenean@in.co.uk'),('E0398','CB00098','Aliquam.fringilla.cursus@vitaesodalesnisi.ca'),('E0408','CB00099','Suspendisse.aliquet@neque.net'),('E0409','CB00100','magna@velitjusto.org'),('E0420','CB00101','vitae@Nuncullamcorper.edu'),('E0423','CB00102','in.sodales@Crasvehiculaaliquet.org'),('E0428','CB00103','venenatis.lacus.Etiam@dolor.net'),('E0437','CB00104','augue.eu@faucibusMorbivehicula.edu'),('E0440','CB00105','faucibus.lectus@Cum.com'),('E0002','CB00106','sagittis@pedePraesent.edu'),('E0006','CB00107','a.aliquet@metus.ca'),('E0008','CB00108','Phasellus.ornare@sedtortor.edu'),('E0009','CB00109','Aliquam.vulputate.ullamcorper@elitpretium.net'),('E0010','CB00110','libero.dui@magnamalesuadavel.ca'),('E0011','CB00111','auctor@duiFusce.org'),('E0012','CB00112','sed.leo.Cras@auguemalesuada.net'),('E0013','CB00113','erat.eget@commodotinciduntnibh.co.uk'),('E0014','CB00114','id.ante@necdiamDuis.org'),('E0017','CB00115','feugiat.metus.sit@Fuscefeugiat.org'),('E0020','CB00116','at.lacus.Quisque@duinectempus.com'),('E0021','CB00117','dui@In.org'),('E0027','CB00118','ipsum.Suspendisse@dictumsapien.edu'),('E0028','CB00119','lacinia.mattis@fermentummetus.org'),('E0032','CB00120','Curabitur.ut.odio@Vivamusnibhdolor.org'),('E0034','CB00121','Proin.non.massa@quis.co.uk'),('E0037','CB00122','lacus@aenimSuspendisse.com'),('E0041','CB00123','lorem.luctus@nuncsed.net'),('E0042','CB00124','adipiscing.elit.Curabitur@ac.ca'),('E0043','CB00125','elit.Etiam.laoreet@dolor.com'),('E0044','CB00126','augue@a.org'),('E0046','CB00127','elit@sapiencursusin.edu'),('E0049','CB00128','dolor.Donec.fringilla@cursusluctus.org'),('E0053','CB00129','consequat.lectus.sit@imperdietnon.com'),('E0054','CB00130','Proin.ultrices.Duis@enimnislelementum.co.uk'),('E0057','CB00131','Fusce@Crasvehiculaaliquet.edu'),('E0058','CB00132','in@nisinibh.ca'),('E0061','CB00133','justo.faucibus.lectus@Donecfeugiatmetus.edu'),('E0062','CB00134','at.sem.molestie@sodales.edu'),('E0065','CB00135','malesuada.id.erat@sitametrisus.org'),('E0067','CB00136','mauris.a@erateget.net'),('E0069','CB00137','id.blandit@senectusetnetus.com'),('E0071','CB00138','sit.amet@diamlorem.org'),('E0076','CB00139','sodales.at@egetmagna.org'),('E0081','CB00140','Morbi@laoreetliberoet.edu'),('E0087','CB00141','Cum@risus.ca'),('E0090','CB00142','felis.purus@consectetuer.com'),('E0093','CB00143','lorem.Donec.elementum@atlibero.org'),('E0094','CB00144','lectus.pede@Vivamusnibh.net'),('E0099','CB00145','Phasellus.nulla@orciquis.com'),('E0101','CB00146','auctor.nunc@adipiscingligula.edu'),('E0102','CB00147','ad.litora.torquent@fames.edu'),('E0103','CB00148','dapibus.gravida@milaciniamattis.edu'),('E0105','CB00149','dui.Cum@risus.net'),('E0107','CB00150','dui.in.sodales@adipiscing.ca'),('E0110','CB00151','ornare@aliquamenim.com'),('E0117','CB00152','Donec.dignissim.magna@nonantebibendum.org'),('E0122','CB00153','lacus@porttitor.co.uk'),('E0126','CB00154','Pellentesque@mollisdui.edu'),('E0127','CB00155','convallis@faucibus.net'),('E0129','CB00156','montes.nascetur@Proin.edu'),('E0134','CB00157','metus.eu@lacuspede.org'),('E0144','CB00158','mauris.blandit@consectetuerrhoncusNullam.org'),('E0147','CB00159','mattis@rutrum.co.uk'),('E0150','CB00160','dolor.quam@odioauctor.com'),('E0151','CB00161','Proin.sed@habitantmorbi.ca'),('E0152','CB00162','ac@Proinnisl.ca'),('E0157','CB00163','neque@loremacrisus.edu'),('E0158','CB00164','odio.sagittis@dolornonummyac.edu'),('E0167','CB00165','Etiam@magnaDuisdignissim.com'),('E0169','CB00166','et.pede@Phasellusdapibusquam.com'),('E0174','CB00167','risus.Duis.a@a.co.uk'),('E0179','CB00168','lectus.pede@dolorDonec.net'),('E0183','CB00169','Nam.nulla@sociisnatoquepenatibus.net'),('E0184','CB00170','ligula.Nullam@Phasellus.net'),('E0186','CB00171','nec@enim.com'),('E0191','CB00172','Aliquam.nec.enim@Phasellus.org'),('E0198','CB00173','Sed.dictum.Proin@aliquet.co.uk'),('E0199','CB00174','libero@eu.edu'),('E0201','CB00175','ac.metus@eleifendvitae.net'),('E0217','CB00176','mattis.Integer.eu@non.org'),('E0225','CB00177','feugiat.Sed@euodioPhasellus.com'),('E0226','CB00178','tempor.lorem.eget@Aliquamnec.edu'),('E0233','CB00179','lorem.vehicula.et@euismod.org'),('E0235','CB00180','dui@nunc.edu'),('E0239','CB00181','Phasellus.vitae.mauris@dapibusligulaAliquam.ca'),('E0241','CB00182','nec@magna.co.uk'),('E0242','CB00183','Maecenas.iaculis.aliquet@suscipit.edu'),('E0244','CB00184','convallis.convallis.dolor@infaucibusorci.com'),('E0247','CB00185','nunc.id@interdum.ca'),('E0251','CB00186','non.sollicitudin.a@interdumfeugiatSed.com'),('E0252','CB00187','egestas.lacinia.Sed@arcu.net'),('E0255','CB00188','magna@interdum.ca'),('E0256','CB00189','lobortis.tellus@dolordolortempus.co.uk'),('E0258','CB00190','molestie@massa.co.uk'),('E0263','CB00191','eros.turpis@Sed.co.uk'),('E0264','CB00192','taciti@Nunc.edu'),('E0265','CB00193','Duis.volutpat@massaInteger.net'),('E0266','CB00194','tincidunt@convallis.org'),('E0274','CB00195','egestas.Sed.pharetra@dui.co.uk'),('E0289','CB00196','sit@Phasellusfermentum.net'),('E0288','CB00197','Proin@Aeneaneuismod.com'),('E0298','CB00198','in.sodales@risusDonec.org'),('E0299','CB00199','et@Fuscefeugiat.net'),('E0301','CB00200','Nulla.eget.metus@velmauris.org'),('E0304','CB00201','turpis.Aliquam.adipiscing@enim.org'),('E0308','CB00202','quis@Integervulputaterisus.edu'),('E0310','CB00203','aliquam.eu@Nullaeu.edu'),('E0315','CB00204','nostra.per.inceptos@Nunclaoreet.edu'),('E0322','CB00205','Phasellus.nulla.Integer@auctor.ca'),('E0327','CB00206','elit@turpisAliquam.com'),('E0339','CB00207','lorem.vehicula.et@neque.edu'),('E0341','CB00208','tempus.non.lacinia@quis.ca'),('E0343','CB00209','dis.parturient@tempor.org'),('E0344','CB00210','Aenean.gravida.nunc@maurisSuspendissealiquet.com'),('E0345','CB00211','neque.Morbi@semperpretium.co.uk'),('E0349','CB00212','felis.ullamcorper.viverra@turpisnecmauris.co.uk'),('E0352','CB00213','erat.semper@semperrutrum.com'),('E0356','CB00214','egestas.nunc.sed@Integerurna.org'),('E0357','CB00215','habitant.morbi@dapibusrutrum.co.uk'),('E0359','CB00216','dictum.Phasellus@ullamcorperviverra.org'),('E0369','CB00217','et.netus@dolorNullasemper.org'),('E0370','CB00218','Quisque.libero.lacus@adipiscingelit.co.uk'),('E0372','CB00219','diam.nunc.ullamcorper@Cumsociis.co.uk'),('E0373','CB00220','dapibus.id.blandit@elitfermentumrisus.ca'),('E0374','CB00221','mollis@vel.net'),('E0382','CB00222','orci.sem@mus.net'),('E0386','CB00223','nascetur@vulputateullamcorpermagna.net'),('E0390','CB00224','et.netus.et@viverraMaecenas.net'),('E0400','CB00225','eu.lacus.Quisque@maurissagittis.org'),('E0406','CB00226','dui.Fusce.diam@conubia.ca'),('E0407','CB00227','hendrerit@commodo.ca'),('E0413','CB00228','aliquet.Proin@loremauctorquis.co.uk'),('E0419','CB00229','faucibus.orci@Proinvelarcu.org'),('E0422','CB00230','pretium.aliquet@elitdictumeu.net'),('E0426','CB00231','accumsan.neque.et@dictum.ca'),('E0427','CB00232','Aenean.eget@Aeneaneget.edu'),('E0430','CB00233','malesuada@Phasellusdapibus.ca'),('E0433','CB00234','lorem.vitae@arcueuodio.com'),('E0438','CB00235','lorem.ac@sedlibero.com'),('E0439','CB00236','adipiscing@litora.org'),('E0148','CB00237','a.scelerisque@loremauctor.co.uk'),('E0332','CB00238','nec.luctus@molestieSedid.edu'),('E0015','CB00239','a@eleifend.net'),('E0120','CB00240','dictum@velitCraslorem.edu'),('E0305','CB00241','ut.pellentesque.eget@estmollisnon.co.uk'),('E0425','CB00242','purus.ac.tellus@Nullamvelitdui.com'),('E0381','CB00243','Sed@Aliquamerat.com'),('E0335','CB00244','adipiscing.enim@diamSeddiam.net'),('E0271','CB00245','leo@Utsagittislobortis.net'),('E0366','CB00246','erat.eget@condimentumegetvolutpat.co.uk'),('E0137','CB00247','lectus.pede.et@cubilia.com'),('E0257','CB00248','Nullam@blanditat.co.uk'),('E0277','CB00249','sociosqu.ad.litora@tinciduntorci.ca'),('E0273','CB00250','malesuada.vel.convallis@dolortempusnon.co.uk'),('E0306','CB00251','Lorem.ipsum.dolor@ipsumleoelementum.com'),('E0262','CB00252','Suspendisse.dui@adipiscing.net'),('E0205','CB00253','ligula.Aenean@non.com'),('E0190','CB00254','enim.Nunc.ut@eunibh.co.uk'),('E0403','CB00255','nascetur.ridiculus@sit.ca'),('E0007','CB00256','lacinia.orci.consectetuer@vulputateullamcorper.net'),('E0313','CB00257','nec@Inscelerisque.ca'),('E0253','CB00258','eu@Integer.com'),('E0116','CB00259','mauris.blandit@hendrerit.org'),('E0083','CB00260','Sed@dictummi.com'),('E0113','CB00261','ut.molestie.in@ridiculusmusProin.co.uk'),('E0316','CB00262','accumsan@et.com'),('E0340','CB00263','Nunc@arcuAliquam.edu'),('E0112','CB00264','erat.eget@nonmagnaNam.edu'),('E0414','CB00265','tellus.justo@sitamet.org'),('E0441','CB00266','habitant@ascelerisquesed.com'),('E0082','CB00267','ac.feugiat.non@Duisdignissimtempor.net'),('E0360','CB00268','in.cursus@egetlacus.edu'),('E0072','CB00269','magnis@nisimagnased.ca'),('E0075','CB00270','magna.Nam.ligula@semNullainterdum.org'),('E0388','CB00271','in@massa.edu'),('E0296','CB00272','Phasellus.dolor@Quisque.com'),('E0336','CB00273','mi.pede@magna.org'),('E0024','CB00274','Nulla@Aliquamgravida.net'),('E0387','CB00275','eu@eu.org'),('E0139','CB00276','ornare.facilisis@auctor.edu'),('E0392','CB00277','ornare.lectus@dictumsapien.com'),('E0003','CB00278','fermentum.vel@cubiliaCuraePhasellus.ca'),('E0142','CB00279','arcu.Nunc@augueac.co.uk'),('E0168','CB00280','nascetur.ridiculus.mus@elementumlorem.net'),('E0136','CB00281','Quisque@euenimEtiam.edu'),('E0293','CB00282','eu.nibh.vulputate@adipiscingelit.org'),('E0181','CB00283','scelerisque.neque@Aenean.org'),('E0317','CB00284','enim.Etiam@Suspendisse.ca'),('E0070','CB00285','odio.Phasellus.at@tacitisociosqu.co.uk'),('E0035','CB00286','non.dui@elit.com'),('E0383','CB00287','eleifend.Cras@Pellentesqueutipsum.ca'),('E0424','CB00288','pede.Cras@nasceturridiculus.ca'),('E0140','CB00289','aliquam@aliquetlobortis.net'),('E0180','CB00290','In.condimentum.Donec@enimnonnisi.com'),('E0195','CB00291','aliquet.nec.imperdiet@vitae.co.uk'),('E0175','CB00292','purus.Duis@eratEtiam.co.uk'),('E0250','CB00293','lorem@sociosquad.ca'),('E0108','CB00294','Sed.et@sed.org'),('E0059','CB00295','faucibus@Nullamsuscipit.org'),('E0178','CB00296','eu.elit.Nulla@dis.net'),('E0324','CB00297','nascetur.ridiculus.mus@sed.com'),('E0166','CB00298','sem.molestie@CurabiturmassaVestibulum.net'),('E0055','CB00299','placerat@atfringilla.co.uk'),('E0245','CB00300','dolor.tempus@estac.ca'),('E0393','CB00301','Aenean@ipsumac.org'),('E0286','CB00302','nibh.lacinia.orci@nuncinterdumfeugiat.org'),('E0354','CB00303','at.augue@metusurna.com'),('E0323','CB00304','Sed.et@inconsequatenim.ca'),('E0328','CB00305','nulla@vitaediamProin.edu'),('E0342','CB00306','senectus.et.netus@leoVivamusnibh.org'),('E0227','CB00307','odio.semper.cursus@magnaSed.org'),('E0337','CB00308','pede@odio.co.uk'),('E0159','CB00309','Donec@arcu.org'),('E0411','CB00310','Donec.sollicitudin@lobortis.ca'),('E0222','CB00311','Suspendisse.tristique.neque@leo.co.uk'),('E0363','CB00312','quis.accumsan@utsem.com'),('E0163','CB00313','ornare.elit.elit@afacilisis.org'),('E0435','CB00314','purus@orcisemeget.co.uk'),('E0221','CB00315','quam.quis.diam@necluctus.net'),('E0287','CB00316','mauris@arcuVivamus.com'),('E0385','CB00317','rutrum.lorem@scelerisque.net'),('E0326','CB00318','Cras.lorem.lorem@consectetuer.net'),('E0334','CB00319','sit.amet@rutrum.com'),('E0276','CB00320','fringilla.porttitor.vulputate@accumsan.ca'),('E0018','CB00321','tincidunt.tempus@vitae.ca'),('E0361','CB00322','Integer@sociisnatoquepenatibus.ca'),('E0375','CB00323','et@velit.edu'),('E0080','CB00324','amet@liberoMorbi.co.uk'),('E0237','CB00325','pede@Nunccommodoauctor.org'),('E0146','CB00326','risus.Morbi.metus@aliquetnecimperdiet.org'),('E0019','CB00327','imperdiet.non@tempusscelerisquelorem.ca'),('E0210','CB00328','eu@montesnascetur.net'),('E0311','CB00329','nec@hendrerit.net'),('E0182','CB00330','sodales.purus@turpisegestas.org'),('E0164','CB00331','ultricies.sem.magna@elementumdui.edu'),('E0051','CB00332','Phasellus.elit@malesuadaid.com'),('E0204','CB00333','eget.massa@enim.edu'),('E0291','CB00334','interdum.ligula@vitae.net'),('E0194','CB00335','interdum.ligula@suscipitnonummy.co.uk'),('E0330','CB00336','nec.cursus@Integertincidunt.org'),('E0232','CB00337','dignissim.Maecenas.ornare@loremegetmollis.net'),('E0376','CB00338','egestas.Duis@cursusetmagna.net'),('E0068','CB00339','ornare@Duis.co.uk'),('E0193','CB00340','Cum@antelectus.co.uk'),('E0077','CB00341','lectus@aliquetnec.co.uk'),('E0368','CB00342','elementum.dui.quis@nullavulputatedui.co.uk'),('E0131','CB00343','primis.in.faucibus@inconsectetuer.org'),('E0434','CB00344','In@cursusnonegestas.com'),('E0153','CB00345','lectus@acurnaUt.co.uk'),('E0270','CB00346','ultricies@necleo.ca'),('E0231','CB00347','arcu@fermentumarcu.org'),('E0404','CB00348','Quisque@euismod.org'),('E0025','CB00349','purus.Maecenas.libero@Craseu.net'),('E0187','CB00350','pretium.neque@ipsum.com'),('E0074','CB00351','et.magnis@pede.net'),('E0119','CB00352','ac.feugiat@varius.ca'),('E0379','CB00353','dictum.eu@Suspendisseacmetus.com'),('E0005','CB00354','ultrices@dolor.co.uk'),('E0429','CB00355','mollis.nec.cursus@cursusNuncmauris.com'),('E0207','CB00356','Mauris.ut.quam@ligula.net'),('E0100','CB00357','lorem.ac.risus@aliquetodio.edu'),('E0280','CB00358','at.velit.Pellentesque@gravidaAliquamtincidunt.org'),('E0417','CB00359','malesuada@tristique.edu'),('E0384','CB00360','ac@DonecegestasAliquam.edu'),('E0377','CB00361','rutrum.eu@liberoProin.co.uk'),('E0355','CB00362','nascetur@adui.co.uk'),('E0170','CB00363','faucibus.leo@orciUtsagittis.com'),('E0318','CB00364','tincidunt.tempus.risus@velitQuisquevarius.edu'),('E0213','CB00365','blandit.Nam.nulla@gravida.net'),('E0073','CB00366','accumsan.convallis@vitaeposuereat.net'),('E0418','CB00367','diam.Duis@non.net'),('E0416','CB00368','justo.Praesent@magnatellusfaucibus.net'),('E0421','CB00369','mi.tempor@amet.org'),('E0269','CB00370','turpis.egestas@accumsannequeet.edu'),('E0415','CB00371','Nam@aenimSuspendisse.org'),('E0295','CB00372','penatibus.et.magnis@idlibero.com'),('E0282','CB00373','neque.Morbi.quis@in.ca'),('E0218','CB00374','massa.non.ante@enimNuncut.edu'),('E0091','CB00375','dignissim.lacus@Sed.ca'),('E0133','CB00376','Curabitur.ut.odio@montes.ca'),('E0410','CB00377','sapien.gravida@Nullam.ca'),('E0176','CB00378','sapien.cursus@Proin.co.uk'),('E0060','CB00379','in.felis.Nulla@vitae.edu'),('E0395','CB00380','Cras@ut.org'),('E0285','CB00381','imperdiet.erat.nonummy@pharetrautpharetra.net'),('E0089','CB00382','odio@aliquetProin.edu'),('E0033','CB00383','est.mauris.rhoncus@vitaevelit.org'),('E0160','CB00384','est@magna.ca'),('E0259','CB00385','purus.mauris.a@nullaDonec.org'),('E0401','CB00386','metus@eu.ca'),('E0095','CB00387','purus.Nullam.scelerisque@ullamcorpermagnaSed.org'),('E0319','CB00388','inceptos.hymenaeos@enim.ca'),('E0267','CB00389','enim.nisl@elitpellentesque.org'),('E0431','CB00390','nisl.Maecenas.malesuada@sapienNunc.org'),('E0118','CB00391','dui.lectus@duiaugueeu.org'),('E0243','CB00392','gravida.molestie.arcu@justo.org'),('E0078','CB00393','arcu@risusat.co.uk'),('E0268','CB00394','nunc.In@semelitpharetra.ca'),('E0086','CB00395','varius.Nam@vulputatedui.co.uk'),('E0272','CB00396','vitae.velit.egestas@Nunc.org'),('E0171','CB00397','volutpat.ornare@malesuadavelvenenatis.co.uk'),('E0321','CB50001','lorem.vehicula.et@cursusIntegermollis.edu'),('E0329','CB50002','vestibulum.lorem@tellusSuspendissesed.org'),('E0022','CB50003','tincidunt.aliquam@aliquet.ca'),('E0215','CB50004','senectus.et@Nullaeuneque.com'),('E0367','CB50005','auctor.odio@inhendrerit.net'),('E0030','CB50006','Vivamus@vitae.org'),('E0052','CB50007','vulputate.mauris.sagittis@nisimagna.net'),('E0333','CB50008','magna@vel.net'),('E0106','CB50009','euismod.enim.Etiam@orci.net'),('E0309','CB50010','vestibulum@Maurisut.org'),('E0200','CB50011','ornare.lectus@euaccumsan.com'),('E0115','CB50012','ut.odio@nondapibusrutrum.net'),('E0208','CB50013','ut.ipsum@CurabiturdictumPhasellus.co.uk'),('E0314','CB50014','ultricies@quis.org'),('E0353','CB50015','velit.justo.nec@risusDuisa.net'),('E0371','CB50016','velit.eu.sem@dictumProineget.ca'),('E0064','CB50017','penatibus@velconvallisin.co.uk'),('E0350','CB50018','justo.nec@Lorem.co.uk'),('E0302','CB50019','tortor.nibh.sit@utlacus.com'),('E0001','CB50020','quis.accumsan@dapibusrutrum.ca'),('E0436','CB50021','interdum.Curabitur@mollis.com'),('E0216','CB50022','Duis@acipsumPhasellus.co.uk'),('E0004','CB50023','habitant.morbi.tristique@pellentesqueegetdictum.ca'),('E0145','CB50024','mi.enim@lorem.org'),('E0023','CB50025','arcu.iaculis.enim@eleifendnec.org'),('E0391','CB50026','convallis.convallis@egestas.net'),('E0399','CB50027','arcu@tincidunt.co.uk'),('E0283','CB50028','Nam@temporestac.org'),('E0197','CB50029','lorem.tristique@facilisisSuspendissecommodo.org'),('E0016','CB50030','lorem@risusaultricies.net'),('E0405','CB50031','Suspendisse.eleifend@faucibusleo.org'),('E0155','CB50032','non@ornare.com'),('E0320','CB50033','id@semperpretium.edu'),('E0111','CB50034','Curabitur@enimgravida.com'),('E0172','CB50035','mus@nonlobortisquis.co.uk'),('E0050','CB50036','consectetuer@acnulla.org'),('E0292','CB50037','vestibulum.massa@justo.org'),('E0402','CB50038','vestibulum.nec.euismod@etmagna.co.uk'),('E0036','CB50039','amet.ante@variusultricesmauris.org'),('E0412','CB50040','Nulla@duiin.edu'),('E0303','CB50041','ut.sem.Nulla@dolor.net'),('E0219','CB50042','vulputate@dis.edu'),('E0084','CB50043','volutpat.Nulla.facilisis@orciUt.co.uk'),('E0297','CB50044','a.tortor@tinciduntdui.com'),('E0275','CB50045','Sed.pharetra@Sedeget.edu');
INSERT INTO genre (genreID,genreName) VALUES ('g000001','Alternative'),('g000002','Blues'),('g000003','Classical'),('g000004','Comedy'),('g000005','Country'),('g000006','Dance'),('g000007','Electronic'),('g000008','HipHop_Rap'),('g000009','Instrumental'),('g000010','Jazz'),('g000011','Pop'),('g000012','R&B_Soul'),('g000013','Religious'),('g000014','Action'),('g000015','Adventure'),('g000016','Biography'),('g000017',' Classic'),('g000018',' Drama'),('g000019',' Education'),('g000020',' Fantasy'),('g000021',' History'),('g000022',' Mystery_Thriller'),('g000023',' Romance'),('g000024',' Sci-Fi'),('g000025',' Self_Development'),('g000026',' Sports');
INSERT INTO media (mtID,titleFID,typeFID) VALUES ('mt000001',10000,'T1'),('mt000002',10001,'T1'),('mt000003',10002,'T1'),('mt000004',10003,'T1'),('mt000005',10004,'T1'),('mt000006',10005,'T1'),('mt000007',10006,'T1'),('mt000008',10007,'T1'),('mt000009',10008,'T1'),('mt000010',10009,'T1'),('mt000011',10010,'T1'),('mt000012',10011,'T1'),('mt000013',10012,'T1'),('mt000014',10013,'T1'),('mt000015',10014,'T1'),('mt000016',10015,'T1'),('mt000017',10016,'T1'),('mt000018',10017,'T1'),('mt000019',10018,'T1'),('mt000020',10019,'T1'),('mt000022',10022,'T1'),('mt000023',10023,'T1'),('mt000024',10024,'T1'),('mt250001',10026,'T2'),('mt250002',10027,'T2'),('mt250003',10028,'T2'),('mt250004',10029,'T2'),('mt250005',10030,'T2'),('mt250006',10031,'T2'),('mt250007',10032,'T2'),('mt250008',10033,'T2'),('mt250009',10034,'T2'),('mt250010',10035,'T2'),('mt250011',10036,'T2'),('mt250012',10037,'T2'),('mt250013',10038,'T2'),('mt250014',10039,'T2'),('mt250015',10040,'T2'),('mt250016',10041,'T2'),('mt250017',10042,'T2'),('mt250018',10043,'T2'),('mt250019',10044,'T2'),('mt250020',10045,'T2'),('mt250021',10046,'T2'),('mt250022',10047,'T2'),('mt250023',10048,'T2'),('mt250024',10049,'T2'),('mt500001',10051,'T3'),('mt500002',10052,'T3'),('mt500003',10053,'T3'),('mt500004',10054,'T3'),('mt500005',10055,'T3'),('mt500006',10056,'T3'),('mt500007',10057,'T3'),('mt500008',10058,'T3'),('mt500009',10059,'T3'),('mt500010',10060,'T3'),('mt500011',10061,'T3'),('mt500012',10062,'T3'),('mt500013',10063,'T3'),('mt500014',10064,'T3'),('mt500015',10065,'T3'),('mt500016',10066,'T3'),('mt500017',10067,'T3'),('mt500018',10068,'T3'),('mt500019',10069,'T3'),('mt500020',10070,'T3'),('mt500021',10071,'T3'),('mt500022',10072,'T3'),('mt500023',10073,'T3'),('mt500024',10074,'T3'),('mt500025',10075,'T3'),('mt750001',10076,'T4'),('mt750002',10077,'T4'),('mt750003',10078,'T4'),('mt750004',10079,'T4'),('mt750005',10080,'T4'),('mt750006',10081,'T4'),('mt750007',10082,'T4'),('mt750008',10083,'T4'),('mt750009',10084,'T4'),('mt750010',10085,'T4'),('mt750011',10086,'T4'),('mt750012',10087,'T4'),('mt750013',10088,'T4'),('mt750014',10089,'T4'),('mt750015',10090,'T4'),('mt750016',10091,'T4'),('mt750017',10092,'T4'),('mt750018',10093,'T4'),('mt750019',10094,'T4'),('mt750020',10095,'T4'),('mt750021',10096,'T4'),('mt750022',10097,'T4'),('mt750023',10098,'T4'),('mt750024',10099,'T4'),('mt750025',10100,'T4');
INSERT INTO movie (mtID,typeFID,titleFID,durationHrs,durationMin,fictionOrNot) VALUES ('mt500001','T3',10051,2,28,'fiction'),('mt500002','T3',10052,2,31,'nonFiction'),('mt500003','T3',10053,2,46,'nonFiction'),('mt500004','T3',10054,1,36,'fiction'),('mt500005','T3',10055,1,51,'nonFiction'),('mt500006','T3',10056,1,8,'fiction'),('mt500007','T3',10057,2,30,'fiction'),('mt500008','T3',10058,1,51,'fiction'),('mt500009','T3',10059,1,45,'fiction'),('mt500010','T3',10060,2,43,'fiction'),('mt500011','T3',10061,2,17,'fiction'),('mt500012','T3',10062,1,55,'nonFiction'),('mt500013','T3',10063,2,8,'fiction'),('mt500014','T3',10064,1,20,'fiction'),('mt500015','T3',10065,1,32,'fiction'),('mt500016','T3',10066,1,33,'fiction'),('mt500017','T3',10067,1,4,'nonFiction'),('mt500018','T3',10068,1,1,'fiction'),('mt500019','T3',10069,1,35,'fiction'),('mt500020','T3',10070,1,35,'fiction'),('mt500021','T3',10071,2,35,'nonFiction'),('mt500022','T3',10072,2,23,'fiction'),('mt500023','T3',10073,2,46,'nonFiction'),('mt500024','T3',10074,2,18,'fiction'),('mt500025','T3',10075,1,45,'fiction');
INSERT INTO music (mtID,typeFID,titleFID) VALUES ('mt250001','T2',10026),('mt250002','T2',10027),('mt250003','T2',10028),('mt250004','T2',10029),('mt250005','T2',10030),('mt250006','T2',10031),('mt250007','T2',10032),('mt250008','T2',10033),('mt250009','T2',10034),('mt250010','T2',10035),('mt250011','T2',10036),('mt250012','T2',10037),('mt250013','T2',10038),('mt250014','T2',10039),('mt250015','T2',10040),('mt250016','T2',10041),('mt250017','T2',10042),('mt250018','T2',10043),('mt250019','T2',10044),('mt250020','T2',10045),('mt250021','T2',10046),('mt250022','T2',10047),('mt250023','T2',10048),('mt250024','T2',10049);
INSERT INTO nondomestic (contributorID,country) VALUES ('CB50001','Armenia'),('CB50002','Belgium'),('CB50003','Belgium'),('CB50004','Bhutan'),('CB50005','Cayman Islands'),('CB50006','China'),('CB50007','China'),('CB50008','Cote D\'Ivoire (Ivory Coast)'),('CB50009','Czech Republic'),('CB50010','Egypt'),('CB50011','England'),('CB50012','England'),('CB50013','England'),('CB50014','England'),('CB50015','England'),('CB50016','England'),('CB50017','England'),('CB50018','England'),('CB50019','England'),('CB50020','England'),('CB50021','England'),('CB50022','England'),('CB50023','England'),('CB50024','England'),('CB50025','England'),('CB50026','England'),('CB50027','England'),('CB50028','England'),('CB50029','England'),('CB50030','England'),('CB50031','France'),('CB50032','Germany'),('CB50033','Germany'),('CB50034','Guernsey'),('CB50035','Indonesia'),('CB50036','Indonesia'),('CB50037','Laos'),('CB50038','Lebanon'),('CB50039','Lesotho'),('CB50040','Mexico'),('CB50041','Morocco'),('CB50042','Peru'),('CB50043','Singapore'),('CB50044','Solomon Islands'),('CB50045','Somalia');
INSERT INTO performance (performID,titleFID,contributorFID,roleFID) VALUES ('CR1000',10000,'CB00001','R1000'),('CR1001',10000,'CB00002','R1001'),('CR1002',10001,'CB00003','R1000'),('CR1003',10001,'CB00004','R1001'),('CR1004',10002,'CB00005','R1000'),('CR1005',10002,'CB00006','R1001'),('CR1006',10003,'CB00007','R1000'),('CR1007',10003,'CB00008','R1001'),('CR1008',10004,'CB00009','R1000'),('CR1009',10004,'CB00010','R1001'),('CR1010',10005,'CB00011','R1000'),('CR1011',10005,'CB00012','R1001'),('CR1012',10006,'CB50039','R1000'),('CR1013',10006,'CB00013','R1001'),('CR1014',10007,'CB00014','R1000'),('CR1015',10007,'CB00015','R1001'),('CR1016',10008,'CB00016','R1000'),('CR1017',10008,'CB00017','R1001'),('CR1018',10009,'CB50004','R1000'),('CR1019',10009,'CB00018','R1001'),('CR1020',10010,'CB00019','R1000'),('CR1021',10010,'CB00020','R1001'),('CR1022',10011,'CB00021','R1000'),('CR1023',10011,'CB00022','R1001'),('CR1024',10012,'CB50002','R1000'),('CR1025',10012,'CB00023','R1001'),('CR1026',10013,'CB00024','R1000'),('CR1027',10013,'CB00025','R1001'),('CR1028',10014,'CB00026','R1000'),('CR1029',10014,'CB00027','R1001'),('CR1030',10015,'CB50001','R1000'),('CR1031',10015,'CB50031','R1001'),('CR1032',10016,'CB50035','R1000'),('CR1033',10016,'CB00028','R1001'),('CR1034',10017,'CB50036','R1000'),('CR1035',10017,'CB00029','R1001'),('CR1036',10018,'CB50009','R1000'),('CR1037',10018,'CB00030','R1001'),('CR1038',10019,'CB00031','R1000'),('CR1039',10019,'CB00032','R1001'),('CR1040',10020,'CB50032','R1000'),('CR1041',10020,'CB00033','R1001'),('CR1044',10022,'CB00035','R1000'),('CR1045',10022,'CB00036','R1001'),('CR1046',10023,'CB50033','R1000'),('CR1047',10023,'CB50011','R1001'),('CR1048',10024,'CB00037','R1000'),('CR1049',10024,'CB50040','R1001'),('CR1123',10026,'CB00097','R1015'),('CR1066',10027,'CB00051','R1010'),('CR1070',10028,'CB00055','R1010'),('CR1128',10029,'CB00100','R1005'),('CR1129',10029,'CB00100','R1011'),('CR1130',10029,'CB00100','R1010'),('CR1081',10030,'CB00064','R1002'),('CR1091',10030,'CB00074','R1009'),('CR1059',10031,'CB00047','R1009'),('CR1122',10031,'CB00096','R1002'),('CR1051',10032,'CB00039','R1012'),('CR1071',10032,'CB00056','R1013'),('CR1072',10032,'CB00057','R1005'),('CR1073',10032,'CB00057','R1004'),('CR1077',10032,'CB00060','R1008'),('CR1098',10032,'CB00079','R1007'),('CR1106',10032,'CB00085','R1006'),('CR1134',10032,'CB00104','R1016'),('CR1065',10033,'CB50034','R1006'),('CR1079',10033,'CB00062','R1014'),('CR1080',10033,'CB00063','R1005'),('CR1097',10033,'CB00078','R1004'),('CR1060',10034,'CB00048','R1004'),('CR1090',10034,'CB00073','R1006'),('CR1133',10034,'CB00103','R1007'),('CR1082',10035,'CB00065','R1004'),('CR1088',10035,'CB00071','R1007'),('CR1104',10035,'CB00084','R1005'),('CR1105',10035,'CB00084','R1006'),('CR1087',10036,'CB00070','R1010'),('CR1075',10037,'CB00059','R1011'),('CR1076',10037,'CB00059','R1010'),('CR1078',10037,'CB00061','R1005'),('CR1058',10038,'CB00046','R1007'),('CR1069',10038,'CB00054','R1005'),('CR1100',10038,'CB00081','R1013'),('CR1101',10038,'CB00082','R1006'),('CR1121',10038,'CB00095','R1004'),('CR1131',10038,'CB00101','R1008'),('CR1053',10039,'CB00041','R1013'),('CR1068',10039,'CB00053','R1006'),('CR1083',10039,'CB00066','R1014'),('CR1084',10039,'CB00067','R1008'),('CR1092',10039,'CB00075','R1007'),('CR1063',10040,'CB00050','R1008'),('CR1074',10040,'CB00058','R1007'),('CR1109',10040,'CB00087','R1005'),('CR1110',10040,'CB00087','R1004'),('CR1111',10040,'CB00088','R1006'),('CR1118',10040,'CB00093','R1012'),('CR1055',10041,'CB00043','R1004'),('CR1096',10041,'CB00078','R1005'),('CR1103',10041,'CB00083','R1007'),('CR1086',10042,'CB00069','R1014'),('CR1089',10042,'CB00072','R1010'),('CR1094',10042,'CB00077','R1004'),('CR1095',10042,'CB00077','R1005'),('CR1085',10043,'CB00068','R1008'),('CR1112',10043,'CB00089','R1007'),('CR1115',10043,'CB00090','R1006'),('CR1116',10043,'CB00091','R1014'),('CR1126',10043,'CB00099','R1004'),('CR1127',10043,'CB00099','R1005'),('CR1050',10044,'CB00038','R1009'),('CR1135',10044,'CB00105','R1002'),('CR1067',10045,'CB00052','R1015'),('CR1054',10046,'CB00042','R1004'),('CR1119',10046,'CB00094','R1007'),('CR1124',10046,'CB00098','R1005'),('CR1125',10046,'CB00098','R1006'),('CR1132',10046,'CB00102','R1008'),('CR1052',10047,'CB00040','R1010'),('CR1061',10047,'CB00049','R1005'),('CR1062',10047,'CB00049','R1011'),('CR1064',10048,'CB00050','R1006'),('CR1099',10048,'CB00080','R1004'),('CR1107',10048,'CB50044','R1013'),('CR1113',10048,'CB50008','R1005'),('CR1114',10048,'CB50008','R1007'),('CR1117',10048,'CB00092','R1016'),('CR1056',10049,'CB00044','R1005'),('CR1057',10049,'CB00045','R1006'),('CR1093',10049,'CB00076','R1016'),('CR1102',10049,'CB50045','R1007'),('CR1108',10049,'CB00086','R1004'),('CR1120',10049,'CB50005','R1008'),('CR1137',10051,'CB00107','R1022'),('CR1187',10051,'CB00153','R1017'),('CR1188',10051,'CB00153','R1017'),('CR1242',10051,'CB00203','R1018'),('CR1244',10051,'CB00204','R1021'),('CR1180',10052,'CB00147','R1020'),('CR1206',10052,'CB00170','R1018'),('CR1226',10052,'CB00188','R1009'),('CR1233',10052,'CB00195','R1022'),('CR1236',10052,'CB00198','R1021'),('CR1260',10052,'CB50016','R1017'),('CR1248',10053,'CB00208','R1009'),('CR1255',10053,'CB00214','R1017'),('CR1262',10053,'CB00220','R1021'),('CR1265',10053,'CB00223','R1022'),('CR1275',10053,'CB00233','R1018'),('CR1141',10054,'CB00111','R1018'),('CR1184',10054,'CB00151','R1020'),('CR1185',10054,'CB50012','R1022'),('CR1199',10054,'CB00163','R1021'),('CR1203',10054,'CB00167','R1009'),('CR1209',10054,'CB00173','R1017'),('CR1160',10055,'CB50007','R1009'),('CR1171',10055,'CB00138','R1018'),('CR1198',10055,'CB00162','R1022'),('CR1200',10055,'CB00164','R1020'),('CR1247',10055,'CB00207','R1021'),('CR1277',10055,'CB00235','R1017'),('CR1138',10056,'CB00108','R1022'),('CR1159',10056,'CB00128','R1018'),('CR1165',10056,'CB00133','R1021'),('CR1175',10056,'CB00142','R1017'),('CR1190',10056,'CB00155','R1020'),('CR1266',10056,'CB00224','R1009'),('CR1459',10057,'CB00106','R1018'),('CR1136',10057,'CB00106','R1018'),('CR1145',10057,'CB00115','R1022'),('CR1194',10057,'CB00158','R1021'),('CR1227',10057,'CB00189','R1017'),('CR1142',10058,'CB00112','R1018'),('CR1178',10058,'CB00145','R1022'),('CR1205',10058,'CB00169','R1009'),('CR1208',10058,'CB00172','R1017'),('CR1218',10058,'CB00180','R1021'),('CR1231',10058,'CB00193','R1020'),('CR1151',10059,'CB00120','R1017'),('CR1183',10059,'CB00150','R1022'),('CR1196',10059,'CB00160','R1020'),('CR1222',10059,'CB00184','R1009'),('CR1232',10059,'CB00194','R1021'),('CR1240',10059,'CB50010','R1018'),('CR1195',10060,'CB00159','R1020'),('CR1202',10060,'CB00166','R1018'),('CR1211',10060,'CB00175','R1021'),('CR1213',10060,'CB00176','R1022'),('CR1271',10060,'CB00229','R1017'),('CR1273',10060,'CB00231','R1009'),('CR1147',10061,'CB00117','R1017'),('CR1170',10061,'CB00137','R1009'),('CR1204',10061,'CB00168','R1022'),('CR1253',10061,'CB00213','R1021'),('CR1274',10061,'CB00232','R1018'),('CR1460',10061,'CB00236','R1020'),('CR1140',10062,'CB00110','R1020'),('CR1152',10062,'CB00121','R1009'),('CR1168',10062,'CB00136','R1022'),('CR1169',10062,'CB00136','R1022'),('CR1177',10062,'CB00144','R1017'),('CR1259',10062,'CB00218','R1018'),('CR1139',10063,'CB00109','R1009'),('CR1155',10063,'CB00124','R1022'),('CR1163',10063,'CB00131','R1020'),('CR1167',10063,'CB00135','R1021'),('CR1214',10063,'CB50042','R1018'),('CR1264',10063,'CB00222','R1017'),('CR1146',10064,'CB00116','R1021'),('CR1174',10064,'CB00141','R1017'),('CR1210',10064,'CB00174','R1018'),('CR1239',10064,'CB00201','R1009'),('CR1268',10064,'CB00226','R1020'),('CR1270',10064,'CB00228','R1022'),('CR1193',10065,'CB00144','R1017'),('CR1229',10065,'CB00191','R1022'),('CR1238',10065,'CB00200','R1018'),('CR1241',10065,'CB00202','R1009'),('CR1243',10065,'CB50014','R1021'),('CR1191',10066,'CB00156','R1017'),('CR1225',10066,'CB00187','R1021'),('CR1234',10066,'CB00196','R1020'),('CR1251',10066,'CB00211','R1018'),('CR1256',10066,'CB00215','R1022'),('CR1269',10066,'CB00227','R1009'),('CR1148',10067,'CB00118','R1021'),('CR1149',10067,'CB00119','R1017'),('CR1197',10067,'CB00161','R1022'),('CR1223',10067,'CB00185','R1009'),('CR1250',10067,'CB00210','R1018'),('CR1143',10068,'CB00113','R1020'),('CR1164',10068,'CB00132','R1021'),('CR1176',10068,'CB00143','R1022'),('CR1192',10068,'CB00157','R1009'),('CR1235',10068,'CB00197','R1017'),('CR1246',10068,'CB00206','R1018'),('CR1182',10069,'CB00149','R1020'),('CR1216',10069,'CB00178','R1017'),('CR1217',10069,'CB00179','R1018'),('CR1224',10069,'CB00186','R1021'),('CR1258',10069,'CB00217','R1009'),('CR1272',10069,'CB00230','R1022'),('CR1154',10070,'CB00123','R1018'),('CR1157',10070,'CB00126','R1021'),('CR1172',10070,'CB00139','R1022'),('CR1173',10070,'CB00140','R1020'),('CR1221',10070,'CB00183','R1009'),('CR1252',10070,'CB00212','R1017'),('CR1153',10071,'CB00122','R1020'),('CR1156',10071,'CB00125','R1022'),('CR1219',10071,'CB00181','R1021'),('CR1228',10071,'CB00190','R1018'),('CR1237',10071,'CB00199','R1017'),('CR1261',10071,'CB00219','R1009'),('CR1161',10072,'CB00129','R1018'),('CR1186',10072,'CB00152','R1022'),('CR1212',10072,'CB50013','R1017'),('CR1230',10072,'CB00192','R1021'),('CR1276',10072,'CB00234','R1009'),('CR1179',10073,'CB00146','R1021'),('CR1189',10073,'CB00154','R1020'),('CR1201',10073,'CB00165','R1022'),('CR1245',10073,'CB00205','R1017'),('CR1249',10073,'CB00209','R1009'),('CR1257',10073,'CB00216','R1018'),('CR1150',10074,'CB50006','R1020'),('CR1162',10074,'CB00130','R1022'),('CR1166',10074,'CB00134','R1017'),('CR1181',10074,'CB00148','R1021'),('CR1215',10074,'CB00177','R1018'),('CR1267',10074,'CB00225','R1009'),('CR1144',10075,'CB00114','R1017'),('CR1158',10075,'CB00127','R1021'),('CR1207',10075,'CB00171','R1020'),('CR1220',10075,'CB00182','R1018'),('CR1254',10075,'CB50015','R1022'),('CR1263',10075,'CB00221','R1009'),('CR1374',10076,'CB50017','R1017'),('CR1375',10076,'CB50018','R1017'),('CR1376',10076,'CB50019','R1017'),('CR1377',10076,'CB50020','R1017'),('CR1378',10076,'CB50021','R1017'),('CR1379',10076,'CB50022','R1017'),('CR1380',10076,'CB50023','R1009'),('CR1381',10076,'CB50024','R1009'),('CR1382',10076,'CB50025','R1021'),('CR1383',10076,'CB50026','R1022'),('CR1384',10076,'CB50027','R1021'),('CR1385',10076,'CB50028','R1022'),('CR1386',10076,'CB50029','R1021'),('CR1387',10076,'CB50030','R1020'),('CR1331',10077,'CB00287','R1017'),('CR1332',10077,'CB00288','R1018'),('CR1333',10077,'CB00289','R1018'),('CR1334',10077,'CB00290','R1009'),('CR1335',10077,'CB00291','R1009'),('CR1336',10077,'CB00292','R1022'),('CR1337',10077,'CB00293','R1021'),('CR1284',10078,'CB00242','R1017'),('CR1285',10078,'CB00243','R1017'),('CR1286',10078,'CB00244','R1018'),('CR1287',10078,'CB00245','R1009'),('CR1288',10078,'CB00246','R1022'),('CR1289',10078,'CB00247','R1021'),('CR1352',10079,'CB00308','R1017'),('CR1353',10079,'CB00309','R1017'),('CR1354',10079,'CB00310','R1017'),('CR1355',10079,'CB00311','R1017'),('CR1356',10079,'CB00312','R1009'),('CR1357',10079,'CB00313','R1022'),('CR1358',10079,'CB00314','R1020'),('CR1359',10079,'CB00315','R1021'),('CR1290',10080,'CB00248','R1017'),('CR1291',10080,'CB00249','R1018'),('CR1292',10080,'CB00250','R1009'),('CR1293',10080,'CB00251','R1022'),('CR1294',10080,'CB00252','R1021'),('CR1295',10080,'CB00253','R1020'),('CR1296',10080,'CB00254','R1018'),('CR1452',10081,'CB00388','R1017'),('CR1453',10081,'CB00389','R1018'),('CR1454',10081,'CB00390','R1018'),('CR1455',10081,'CB00391','R1009'),('CR1456',10081,'CB00392','R1022'),('CR1457',10081,'CB00393','R1021'),('CR1458',10081,'CB00394','R1021'),('CR1415',10082,'CB00353','R1017'),('CR1416',10082,'CB00354','R1017'),('CR1417',10082,'CB00355','R1018'),('CR1418',10082,'CB00356','R1018'),('CR1419',10082,'CB00357','R1018'),('CR1420',10082,'CB00358','R1018'),('CR1421',10082,'CB00359','R1018'),('CR1422',10082,'CB00360','R1018'),('CR1423',10082,'CB00361','R1009'),('CR1424',10082,'CB00362','R1022'),('CR1425',10082,'CB00363','R1021'),('CR1432',10083,'CB00369','R1017'),('CR1433',10083,'CB00370','R1018'),('CR1434',10083,'CB00371','R1018'),('CR1435',10083,'CB00372','R1009'),('CR1436',10083,'CB00373','R1022'),('CR1437',10083,'CB00374','R1021'),('CR1311',10084,'CB00268','R1023'),('CR1312',10084,'CB00269','R1023'),('CR1313',10084,'CB00270','R1009'),('CR1314',10084,'CB50041','R1022'),('CR1315',10084,'CB00271','R1022'),('CR1316',10084,'CB00272','R1021'),('CR1317',10084,'CB00273','R1021'),('CR1367',10085,'CB00323','R1017'),('CR1368',10085,'CB00395','R1017'),('CR1369',10085,'CB00324','R1017'),('CR1370',10085,'CB00325','R1017'),('CR1371',10085,'CB00396','R1009'),('CR1372',10085,'CB00326','R1022'),('CR1373',10085,'CB00397','R1021'),('CR1395',10086,'CB00333','R1017'),('CR1396',10086,'CB00334','R1017'),('CR1397',10086,'CB00335','R1017'),('CR1398',10086,'CB00336','R1018'),('CR1399',10086,'CB00337','R1009'),('CR1400',10086,'CB00338','R1022'),('CR1401',10086,'CB00339','R1021'),('CR1318',10087,'CB00274','R1017'),('CR1319',10087,'CB00275','R1018'),('CR1320',10087,'CB00276','R1009'),('CR1321',10087,'CB00277','R1022'),('CR1322',10087,'CB00278','R1021'),('CR1323',10087,'CB00279','R1020'),('CR1324',10087,'CB00280','R1021'),('CR1325',10088,'CB00281','R1017'),('CR1326',10088,'CB00282','R1017'),('CR1327',10088,'CB00283','R1018'),('CR1328',10088,'CB00284','R1009'),('CR1329',10088,'CB00285','R1022'),('CR1330',10088,'CB00286','R1021'),('CR1345',10089,'CB00301','R1017'),('CR1346',10089,'CB00302','R1018'),('CR1347',10089,'CB00303','R1018'),('CR1348',10089,'CB00304','R1018'),('CR1349',10089,'CB00305','R1009'),('CR1350',10089,'CB00306','R1022'),('CR1351',10089,'CB00307','R1021'),('CR1438',10090,'CB00375','R1023'),('CR1439',10090,'CB00376','R1023'),('CR1440',10090,'CB00377','R1023'),('CR1441',10090,'CB00378','R1009'),('CR1442',10090,'CB50038','R1022'),('CR1443',10090,'CB00379','R1021'),('CR1444',10090,'CB00380','R1021'),('CR1360',10091,'CB00316','R1017'),('CR1361',10091,'CB00317','R1018'),('CR1362',10091,'CB00318','R1009'),('CR1363',10091,'CB00319','R1022'),('CR1364',10091,'CB00320','R1021'),('CR1365',10091,'CB00321','R1020'),('CR1366',10091,'CB00322','R1017'),('CR1304',10092,'CB00261','R1017'),('CR1305',10092,'CB00262','R1018'),('CR1306',10092,'CB00263','R1018'),('CR1307',10092,'CB00264','R1009'),('CR1308',10092,'CB00265','R1022'),('CR1309',10092,'CB00266','R1021'),('CR1310',10092,'CB00267','R1021'),('CR1402',10093,'CB00340','R1017'),('CR1403',10093,'CB00341','R1018'),('CR1404',10093,'CB00342','R1018'),('CR1405',10093,'CB00343','R1018'),('CR1406',10093,'CB00344','R1009'),('CR1407',10093,'CB00345','R1022'),('CR1408',10093,'CB00346','R1021'),('CR1278',10094,'CB00237','R1017'),('CR1279',10094,'CB00238','R1018'),('CR1280',10094,'CB00239','R1009'),('CR1281',10094,'CB00240','R1022'),('CR1282',10094,'CB00241','R1022'),('CR1283',10094,'CB00241','R1021'),('CR1297',10095,'CB00255','R1017'),('CR1298',10095,'CB00256','R1017'),('CR1299',10095,'CB00257','R1017'),('CR1300',10095,'CB00250','R1009'),('CR1301',10095,'CB00258','R1022'),('CR1302',10095,'CB00259','R1021'),('CR1303',10095,'CB00260','R1021'),('CR1426',10096,'CB50037','R1017'),('CR1427',10096,'CB00364','R1018'),('CR1428',10096,'CB00365','R1018'),('CR1429',10096,'CB00366','R1009'),('CR1430',10096,'CB00367','R1022'),('CR1431',10096,'CB00368','R1021'),('CR1409',10097,'CB00347','R1017'),('CR1410',10097,'CB00348','R1017'),('CR1411',10097,'CB00349','R1017'),('CR1412',10097,'CB00350','R1009'),('CR1413',10097,'CB00351','R1022'),('CR1414',10097,'CB00352','R1021'),('CR1338',10098,'CB00294','R1017'),('CR1339',10098,'CB00295','R1009'),('CR1340',10098,'CB00296','R1022'),('CR1341',10098,'CB00297','R1021'),('CR1342',10098,'CB00298','R1021'),('CR1343',10098,'CB00299','R1021'),('CR1344',10098,'CB00300','R1018'),('CR1388',10099,'CB00327','R1017'),('CR1389',10099,'CB00328','R1017'),('CR1390',10099,'CB00329','R1018'),('CR1391',10099,'CB50043','R1009'),('CR1392',10099,'CB00330','R1022'),('CR1393',10099,'CB00331','R1021'),('CR1394',10099,'CB00332','R1021'),('CR1445',10100,'CB00381','R1023'),('CR1446',10100,'CB00382','R1023'),('CR1447',10100,'CB00383','R1023'),('CR1448',10100,'CB00384','R1009'),('CR1449',10100,'CB00385','R1022'),('CR1450',10100,'CB00386','R1021'),('CR1451',10100,'CB00387','R1021');
INSERT INTO phone (phoneID,contributorFID,telephone) VALUES ('PC30138','CB00001','947-993-3318'),('PC30432','CB00002','212-915-0727'),('PC30039','CB00003','215-947-6956'),('PC30063','CB00004','375-406-2466'),('PC30088','CB00005','536-633-3320'),('PC30278','CB00006','521-156-3360'),('PC30228','CB00007','151-373-3566'),('PC30212','CB00008','328-554-7308'),('PC30378','CB00009','161-288-7917'),('PC30173','CB00010','539-827-9393'),('PC30056','CB00011','672-374-2215'),('PC30203','CB00012','793-826-0890'),('PC30045','CB00013','701-245-8244'),('PC30085','CB00014','615-159-9041'),('PC30192','CB00015','922-321-8767'),('PC30281','CB00016','275-656-7087'),('PC30254','CB00017','451-658-8901'),('PC30066','CB00018','512-800-2868'),('PC30246','CB00019','914-589-6644'),('PC30096','CB00020','381-394-8656'),('PC30234','CB00021','196-116-9015'),('PC30351','CB00022','145-813-5819'),('PC30125','CB00023','425-845-8688'),('PC30346','CB00024','668-538-9102'),('PC30206','CB00025','825-263-1079'),('PC30141','CB00026','908-496-2593'),('PC30312','CB00027','733-347-0231'),('PC30135','CB00028','712-660-1203'),('PC30196','CB00029','790-608-7013'),('PC30389','CB00030','715-613-9724'),('PC30365','CB00031','926-277-3554'),('PC30442','CB00032','202-446-7941'),('PC30224','CB00033','355-935-0541'),('PC30396','CB00034','207-378-3016'),('PC30348','CB00035','171-484-3353'),('PC30279','CB00036','187-736-6261'),('PC30240','CB00037','132-449-0448'),('PC30026','CB00038','829-481-9586'),('PC30029','CB00039','100-962-9029'),('PC30031','CB00040','746-755-7337'),('PC30038','CB00041','243-508-7981'),('PC30040','CB00042','417-585-5798'),('PC30047','CB00043','336-860-7033'),('PC30048','CB00044','672-692-4295'),('PC30079','CB00045','910-173-5620'),('PC30092','CB00046','455-371-4013'),('PC30097','CB00047','958-558-7864'),('PC30098','CB00048','850-429-5557'),('PC30104','CB00049','982-692-6282'),('PC30109','CB00050','561-487-5982'),('PC30114','CB00051','177-736-5544'),('PC30121','CB00052','573-144-4350'),('PC30123','CB00053','782-840-8229'),('PC30124','CB00054','901-305-1370'),('PC30128','CB00055','710-270-0773'),('PC30130','CB00056','830-739-2279'),('PC30132','CB00057','622-264-9950'),('PC30143','CB00058','460-705-7336'),('PC30149','CB00059','832-173-2572'),('PC30154','CB00060','634-631-9684'),('PC30156','CB00061','678-466-4640'),('PC30161','CB00062','883-955-6644'),('PC30162','CB00063','695-860-9490'),('PC30165','CB00064','845-915-3062'),('PC30177','CB00065','298-372-7446'),('PC30185','CB00066','796-226-6711'),('PC30188','CB00067','820-363-8327'),('PC30189','CB00068','649-566-8717'),('PC30202','CB00069','329-910-7639'),('PC30209','CB00070','954-490-6796'),('PC30211','CB00071','869-738-4153'),('PC30214','CB00072','426-731-7061'),('PC30220','CB00073','728-443-5226'),('PC30223','CB00074','897-245-2953'),('PC30229','CB00075','606-649-3782'),('PC30230','CB00076','874-317-1817'),('PC30236','CB00077','810-624-0168'),('PC30238','CB00078','227-560-1774'),('PC30248','CB00079','103-525-6274'),('PC30249','CB00080','853-277-2778'),('PC30260','CB00081','120-750-7432'),('PC30261','CB00082','655-562-0265'),('PC30284','CB00083','773-517-7330'),('PC30290','CB00084','293-415-9732'),('PC30294','CB00085','471-586-9404'),('PC30300','CB00086','189-227-0895'),('PC30307','CB00087','701-744-8088'),('PC30325','CB00088','199-727-3774'),('PC30331','CB00089','417-873-7466'),('PC30338','CB00090','205-136-6718'),('PC30347','CB00091','664-209-2396'),('PC30358','CB00092','641-650-7733'),('PC30362','CB00093','874-520-2181'),('PC30364','CB00094','833-904-4361'),('PC30380','CB00095','532-580-2921'),('PC30394','CB00096','426-754-2741'),('PC30397','CB00097','938-114-2885'),('PC30398','CB00098','577-502-0377'),('PC30408','CB00099','459-584-5457'),('PC30409','CB00100','178-488-6237'),('PC30420','CB00101','442-177-9797'),('PC30423','CB00102','788-112-3542'),('PC30428','CB00103','503-833-6211'),('PC30437','CB00104','615-572-4471'),('PC30440','CB00105','779-610-5587'),('PC30002','CB00106','579-310-9422'),('PC30006','CB00107','987-590-8438'),('PC30008','CB00108','825-177-9598'),('PC30009','CB00109','215-132-6281'),('PC30010','CB00110','843-379-9475'),('PC30011','CB00111','810-559-8822'),('PC30012','CB00112','638-843-6474'),('PC30013','CB00113','385-747-9199'),('PC30014','CB00114','579-496-8590'),('PC30017','CB00115','265-194-0944'),('PC30020','CB00116','324-761-6374'),('PC30021','CB00117','164-162-8525'),('PC30027','CB00118','306-611-7149'),('PC30028','CB00119','138-454-6222'),('PC30032','CB00120','795-808-0487'),('PC30034','CB00121','536-409-8289'),('PC30037','CB00122','665-128-8307'),('PC30041','CB00123','630-204-2080'),('PC30042','CB00124','821-331-1453'),('PC30043','CB00125','276-535-4619'),('PC30044','CB00126','406-834-5321'),('PC30046','CB00127','384-768-3146'),('PC30049','CB00128','437-372-3408'),('PC30053','CB00129','244-579-2102'),('PC30054','CB00130','393-441-5401'),('PC30057','CB00131','727-315-4136'),('PC30058','CB00132','952-791-3974'),('PC30061','CB00133','116-176-2450'),('PC30062','CB00134','816-182-6369'),('PC30065','CB00135','928-345-9008'),('PC30067','CB00136','872-288-9513'),('PC30069','CB00137','877-313-6780'),('PC30071','CB00138','208-786-7995'),('PC30076','CB00139','520-823-2684'),('PC30081','CB00140','364-994-7481'),('PC30087','CB00141','959-186-8109'),('PC30090','CB00142','495-407-7319'),('PC30093','CB00143','742-616-2375'),('PC30094','CB00144','447-564-9989'),('PC30099','CB00145','158-573-7596'),('PC30101','CB00146','709-453-8546'),('PC30102','CB00147','338-358-5909'),('PC30103','CB00148','276-306-7017'),('PC30105','CB00149','983-731-0774'),('PC30107','CB00150','423-327-6310'),('PC30110','CB00151','976-908-7194'),('PC30117','CB00152','808-935-6160'),('PC30122','CB00153','973-455-7337'),('PC30126','CB00154','891-495-2741'),('PC30127','CB00155','598-351-4593'),('PC30129','CB00156','309-347-7784'),('PC30134','CB00157','388-372-3638'),('PC30144','CB00158','794-775-2511'),('PC30147','CB00159','668-182-6067'),('PC30150','CB00160','178-764-7243'),('PC30151','CB00161','648-810-7856'),('PC30152','CB00162','201-502-6815'),('PC30157','CB00163','229-710-4503'),('PC30158','CB00164','636-469-0091'),('PC30167','CB00165','964-760-6166'),('PC30169','CB00166','523-273-8055'),('PC30174','CB00167','482-936-4417'),('PC30179','CB00168','621-318-0620'),('PC30183','CB00169','314-284-4772'),('PC30184','CB00170','436-147-0705'),('PC30186','CB00171','364-988-7223'),('PC30191','CB00172','147-683-7216'),('PC30198','CB00173','935-869-1390'),('PC30199','CB00174','513-592-0041'),('PC30201','CB00175','967-634-3855'),('PC30217','CB00176','305-829-6439'),('PC30225','CB00177','887-194-6237'),('PC30226','CB00178','567-890-1595'),('PC30233','CB00179','498-647-5199'),('PC30235','CB00180','940-937-4460'),('PC30239','CB00181','997-666-3299'),('PC30241','CB00182','496-206-8670'),('PC30242','CB00183','220-490-2244'),('PC30244','CB00184','852-484-7249'),('PC30247','CB00185','232-612-9685'),('PC30251','CB00186','481-679-6165'),('PC30252','CB00187','417-106-0859'),('PC30255','CB00188','934-611-6300'),('PC30256','CB00189','800-290-8384'),('PC30258','CB00190','177-770-9083'),('PC30263','CB00191','379-684-3052'),('PC30264','CB00192','995-482-7607'),('PC30265','CB00193','899-802-4021'),('PC30266','CB00194','680-494-0303'),('PC30274','CB00195','469-915-2983'),('PC30289','CB00196','679-171-2547'),('PC30288','CB00197','303-822-2338'),('PC30298','CB00198','836-248-6580'),('PC30299','CB00199','526-489-7846'),('PC30301','CB00200','460-569-2350'),('PC30304','CB00201','250-375-1275'),('PC30308','CB00202','844-734-2735'),('PC30310','CB00203','212-333-8768'),('PC30315','CB00204','440-962-0364'),('PC30322','CB00205','735-483-4401'),('PC30327','CB00206','386-267-3193'),('PC30339','CB00207','440-561-4923'),('PC30341','CB00208','719-118-6971'),('PC30343','CB00209','908-823-1753'),('PC30344','CB00210','299-303-9498'),('PC30345','CB00211','707-300-0857'),('PC30349','CB00212','738-350-7761'),('PC30352','CB00213','829-149-8162'),('PC30356','CB00214','743-427-9816'),('PC30357','CB00215','162-491-7964'),('PC30359','CB00216','621-331-8213'),('PC30369','CB00217','756-363-3439'),('PC30370','CB00218','897-393-7291'),('PC30372','CB00219','525-928-5900'),('PC30373','CB00220','411-289-5084'),('PC30374','CB00221','982-401-1245'),('PC30382','CB00222','168-539-9557'),('PC30386','CB00223','704-429-9228'),('PC30390','CB00224','271-457-5316'),('PC30400','CB00225','759-710-4791'),('PC30406','CB00226','307-661-8450'),('PC30407','CB00227','561-123-3087'),('PC30413','CB00228','446-813-9093'),('PC30419','CB00229','592-220-5639'),('PC30422','CB00230','466-974-3476'),('PC30426','CB00231','565-894-8540'),('PC30427','CB00232','528-577-7623'),('PC30430','CB00233','864-487-1481'),('PC30433','CB00234','407-755-2723'),('PC30438','CB00235','985-314-4110'),('PC30439','CB00236','968-145-7674'),('PC30148','CB00237','241-363-8469'),('PC30332','CB00238','184-933-2474'),('PC30015','CB00239','170-822-6134'),('PC30120','CB00240','737-916-7156'),('PC30305','CB00241','362-613-7941'),('PC30425','CB00242','624-693-1115'),('PC30381','CB00243','806-104-6440'),('PC30335','CB00244','635-733-6543'),('PC30271','CB00245','288-823-9612'),('PC30366','CB00246','665-271-4753'),('PC30137','CB00247','312-527-0953'),('PC30257','CB00248','479-899-2681'),('PC30277','CB00249','349-409-1592'),('PC30273','CB00250','915-908-9027'),('PC30306','CB00251','781-226-5835'),('PC30262','CB00252','204-117-7429'),('PC30205','CB00253','565-343-4300'),('PC30190','CB00254','908-410-9353'),('PC30403','CB00255','762-625-4717'),('PC30007','CB00256','387-169-4883'),('PC30313','CB00257','467-252-3031'),('PC30253','CB00258','452-197-6351'),('PC30116','CB00259','159-492-1017'),('PC30083','CB00260','545-883-9537'),('PC30113','CB00261','953-509-5130'),('PC30316','CB00262','939-815-6240'),('PC30340','CB00263','130-525-9915'),('PC30112','CB00264','709-897-0773'),('PC30414','CB00265','397-958-5913'),('PC30441','CB00266','409-727-4830'),('PC30082','CB00267','715-702-1402'),('PC30360','CB00268','917-859-3455'),('PC30072','CB00269','362-730-7926'),('PC30075','CB00270','229-575-9379'),('PC30388','CB00271','166-714-9732'),('PC30296','CB00272','358-308-6306'),('PC30336','CB00273','978-647-6792'),('PC30024','CB00274','144-201-7025'),('PC30387','CB00275','977-386-5165'),('PC30139','CB00276','351-506-5766'),('PC30392','CB00277','471-231-8109'),('PC30003','CB00278','919-921-3124'),('PC30142','CB00279','338-553-7175'),('PC30168','CB00280','978-176-6305'),('PC30136','CB00281','159-677-2690'),('PC30293','CB00282','350-597-7759'),('PC30181','CB00283','555-801-9939'),('PC30317','CB00284','469-939-5202'),('PC30070','CB00285','987-880-6068'),('PC30035','CB00286','860-295-8939'),('PC30383','CB00287','206-662-8521'),('PC30424','CB00288','736-797-7508'),('PC30140','CB00289','299-878-3649'),('PC30180','CB00290','379-852-0982'),('PC30195','CB00291','668-800-4591'),('PC30175','CB00292','653-161-3559'),('PC30250','CB00293','332-703-6451'),('PC30108','CB00294','386-712-7641'),('PC30059','CB00295','901-675-8660'),('PC30178','CB00296','859-306-2810'),('PC30324','CB00297','566-939-4175'),('PC30166','CB00298','685-485-0103'),('PC30055','CB00299','765-590-7951'),('PC30245','CB00300','308-444-5373'),('PC30393','CB00301','789-898-7516'),('PC30286','CB00302','930-734-1180'),('PC30354','CB00303','764-459-2177'),('PC30323','CB00304','183-508-4426'),('PC30328','CB00305','291-599-7916'),('PC30342','CB00306','780-802-5177'),('PC30227','CB00307','584-896-9093'),('PC30337','CB00308','643-941-1619'),('PC30159','CB00309','720-818-9427'),('PC30411','CB00310','132-583-0315'),('PC30222','CB00311','733-696-2869'),('PC30363','CB00312','815-556-6491'),('PC30163','CB00313','858-483-9674'),('PC30435','CB00314','427-830-0444'),('PC30221','CB00315','696-347-8773'),('PC30287','CB00316','346-387-1251'),('PC30385','CB00317','524-587-8396'),('PC30326','CB00318','259-550-9358'),('PC30334','CB00319','424-450-9877'),('PC30276','CB00320','961-609-2385'),('PC30018','CB00321','148-497-5249'),('PC30361','CB00322','616-892-8120'),('PC30375','CB00323','408-755-0647'),('PC30080','CB00324','686-435-4985'),('PC30237','CB00325','403-869-9772'),('PC30146','CB00326','610-393-3777'),('PC30019','CB00327','819-152-0500'),('PC30210','CB00328','286-596-4463'),('PC30311','CB00329','604-654-3013'),('PC30182','CB00330','639-425-3693'),('PC30164','CB00331','589-733-8053'),('PC30051','CB00332','291-952-4508'),('PC30204','CB00333','706-781-4106'),('PC30291','CB00334','994-560-9751'),('PC30194','CB00335','271-962-9603'),('PC30330','CB00336','443-889-4265'),('PC30232','CB00337','758-835-6562'),('PC30376','CB00338','730-187-3722'),('PC30068','CB00339','761-608-0082'),('PC30193','CB00340','954-448-0880'),('PC30077','CB00341','436-740-9899'),('PC30368','CB00342','931-257-8096'),('PC30131','CB00343','627-159-2259'),('PC30434','CB00344','620-630-6303'),('PC30153','CB00345','214-839-7061'),('PC30270','CB00346','614-452-9151'),('PC30231','CB00347','177-832-6139'),('PC30404','CB00348','570-780-7091'),('PC30025','CB00349','916-569-2383'),('PC30187','CB00350','243-369-8029'),('PC30074','CB00351','491-330-7904'),('PC30119','CB00352','531-522-8551'),('PC30379','CB00353','618-147-9690'),('PC30005','CB00354','323-436-3797'),('PC30429','CB00355','633-651-3993'),('PC30207','CB00356','697-792-6204'),('PC30100','CB00357','630-951-4302'),('PC30280','CB00358','332-217-0145'),('PC30417','CB00359','851-809-2557'),('PC30384','CB00360','351-829-8346'),('PC30377','CB00361','642-493-3405'),('PC30355','CB00362','427-841-3618'),('PC30170','CB00363','583-597-4245'),('PC30318','CB00364','655-413-3783'),('PC30213','CB00365','509-728-0017'),('PC30073','CB00366','921-455-9914'),('PC30418','CB00367','774-146-5299'),('PC30416','CB00368','226-301-7590'),('PC30421','CB00369','256-811-4010'),('PC30269','CB00370','611-882-2826'),('PC30415','CB00371','251-298-9108'),('PC30295','CB00372','812-310-4073'),('PC30282','CB00373','814-857-4428'),('PC30218','CB00374','741-631-5873'),('PC30091','CB00375','804-781-4808'),('PC30133','CB00376','873-321-8863'),('PC30410','CB00377','119-438-1322'),('PC30176','CB00378','868-103-2374'),('PC30060','CB00379','974-774-7516'),('PC30395','CB00380','582-980-5431'),('PC30285','CB00381','334-784-8533'),('PC30089','CB00382','435-987-0388'),('PC30033','CB00383','907-235-8534'),('PC30160','CB00384','326-968-1095'),('PC30259','CB00385','577-620-8141'),('PC30401','CB00386','889-848-3134'),('PC30095','CB00387','214-720-3670'),('PC30319','CB00388','592-214-1220'),('PC30267','CB00389','122-740-8507'),('PC30431','CB00390','367-828-9862'),('PC30118','CB00391','118-133-3640'),('PC30243','CB00392','280-706-6862'),('PC30078','CB00393','911-842-3265'),('PC30268','CB00394','569-599-0201'),('PC30086','CB00395','305-896-3894'),('PC30272','CB00396','231-763-2790'),('PC30171','CB00397','218-660-2088'),('PC30321','CB50001','784-417-1525'),('PC30329','CB50002','567-788-7410'),('PC30022','CB50003','853-178-9018'),('PC30215','CB50004','546-163-1845'),('PC30367','CB50005','781-319-3525'),('PC30030','CB50006','811-456-7007'),('PC30052','CB50007','290-693-2317'),('PC30333','CB50008','344-942-7048'),('PC30106','CB50009','491-632-2316'),('PC30309','CB50010','758-486-1899'),('PC30200','CB50011','405-783-4211'),('PC30115','CB50012','326-640-0668'),('PC30208','CB50013','517-152-6206'),('PC30314','CB50014','154-442-1903'),('PC30353','CB50015','217-224-2534'),('PC30371','CB50016','277-826-1017'),('PC30064','CB50017','563-478-1854'),('PC30350','CB50018','650-529-9314'),('PC30302','CB50019','393-660-1610'),('PC30001','CB50020','969-996-5824'),('PC30436','CB50021','419-495-3915'),('PC30216','CB50022','367-675-1449'),('PC30004','CB50023','383-716-2958'),('PC30145','CB50024','824-858-6100'),('PC30023','CB50025','276-687-0995'),('PC30391','CB50026','881-344-4379'),('PC30399','CB50027','387-983-5989'),('PC30283','CB50028','445-108-2718'),('PC30197','CB50029','568-559-6641'),('PC30016','CB50030','918-112-7967'),('PC30405','CB50031','495-647-2646'),('PC30155','CB50032','998-402-5883'),('PC30320','CB50033','739-859-2314'),('PC30111','CB50034','767-118-7296'),('PC30172','CB50035','199-117-1534'),('PC30050','CB50036','544-172-2956'),('PC30292','CB50037','626-907-9723'),('PC30402','CB50038','681-734-9144'),('PC30036','CB50039','120-365-0486'),('PC30412','CB50040','302-512-5182'),('PC30303','CB50041','797-253-8522'),('PC30219','CB50042','274-663-1452'),('PC30084','CB50043','290-511-1802'),('PC30297','CB50044','765-990-9122'),('PC30275','CB50045','762-195-6481');
INSERT INTO physical (ctID,titleFID,categoryFID,physicalFormat,numMediaObjects) VALUES ('ct000001',10000,'CA001','CD',3),('ct000002',10001,'CA001','CD',5),('ct000003',10002,'CA001','CD',3),('ct000004',10003,'CA001','CD',2),('ct000005',10004,'CA001','CD',3),('ct000006',10005,'CA001','CD',2),('ct000007',10026,'CA001','CD',1),('ct000008',10027,'CA001','CD',1),('ct000009',10028,'CA001','CD',1),('ct000010',10029,'CA001','CD',1),('ct000011',10030,'CA001','CD',1),('ct000012',10031,'CA001','CD',1),('ct000013',10032,'CA001','CD',1),('ct000014',10033,'CA001','CD',1),('ct000015',10043,'CA001','vinyl',1),('ct000016',10044,'CA001','vinyl',1),('ct000017',10045,'CA001','vinyl',1),('ct000018',10046,'CA001','vinyl',1),('ct000019',10047,'CA001','vinyl',1),('ct000020',10048,'CA001','vinyl',1),('ct000021',10049,'CA001','vinyl',1),('ct000022',10051,'CA001','BluRay',2),('ct000023',10052,'CA001','BluRay',1),('ct000024',10053,'CA001','BluRay',2),('ct000025',10054,'CA001','BluRay',1),('ct000026',10055,'CA001','BluRay',1),('ct000027',10056,'CA001','BluRay',2),('ct000028',10057,'CA001','BluRay',2),('ct000029',10058,'CA001','DVD',1),('ct000030',10059,'CA001','DVD',1),('ct000031',10060,'CA001','DVD',1),('ct000032',10061,'CA001','DVD',1),('ct000033',10062,'CA001','DVD',2),('ct000034',10063,'CA001','DVD',2),('ct000035',10064,'CA001','DVD',2),('ct000036',10065,'CA001','DVD',1),('ct000037',10066,'CA001','DVD',1),('ct000038',10076,'CA001','BluRay',2),('ct000039',10077,'CA001','BluRay',2),('ct000040',10078,'CA001','BluRay',2),('ct000041',10079,'CA001','BluRay',2),('ct000042',10080,'CA001','BluRay',2),('ct000043',10081,'CA001','BluRay',2),('ct000044',10082,'CA001','BluRay',2),('ct000045',10083,'CA001','DVD',2),('ct000046',10084,'CA001','DVD',2),('ct000047',10085,'CA001','DVD',2),('ct000048',10086,'CA001','DVD',2),('ct000049',10087,'CA001','DVD',2),('ct000050',10088,'CA001','DVD',2),('ct000051',10089,'CA001','DVD',2),('ct000052',10090,'CA001','DVD',2),('ct000053',10091,'CA001','DVD',2),('ct000054',10092,'CA001','DVD',2);
INSERT INTO publisher (publisherID,publisherName) VALUES ('P001','Audible'),('P002','AudioFile'),('P003','AudioGo'),('P004','Blackstone'),('P005','Bolinda'),('P006','Dreamscape'),('P007','GraphicAudio'),('P008','Harper'),('P009','Highbridge'),('P010','LiveOak'),('P011','Oasis'),('P012','Audiomachine'),('P013','Bad Boy Records'),('P014','GRGDN'),('P015','Maratone Studios'),('P016','Sample Magic'),('P017','Soundism'),('P018','Columbia'),('P019','Takeover Entertainment'),('P020','DreamWorks'),('P021','Fox'),('P022','Keystone'),('P023','Magnolia'),('P024','NewLine'),('P025','Paramount'),('P026','Sony'),('P027','TriStar'),('P028','Universal'),('P029','Warner'),('P030','Weinstein'),('P031','20th'),('P032','Amazon'),('P033','BBC'),('P034','CBS'),('P035','ComedyCentral'),('P036','Fox'),('P037','HBO'),('P038','NBC'),('P039','Sony'),('P040','Stars'),('P041','WB');
INSERT INTO publisher_title (ptID,publisherFID,titleFID,publishYear) VALUES ('pt20001','P009',10000,2006),('pt20002','P004',10001,1985),('pt20003','P009',10002,2011),('pt20004','P007',10003,2009),('pt20005','P002',10004,2002),('pt20006','P011',10005,2008),('pt20007','P004',10006,2008),('pt20008','P007',10007,2006),('pt20009','P003',10008,2008),('pt20010','P007',10009,1990),('pt20011','P009',10010,2012),('pt20012','P011',10011,2018),('pt20013','P008',10012,2011),('pt20014','P008',10013,2001),('pt20015','P003',10014,2017),('pt20016','P004',10015,2008),('pt20017','P001',10016,1992),('pt20018','P006',10017,2019),('pt20019','P011',10018,2014),('pt20020','P005',10019,1985),('pt20021','P010',10020,1988),('pt20023','P007',10022,1990),('pt20024','P007',10023,1987),('pt20025','P006',10024,2015),('pt20026','P014',10026,1971),('pt20027','P012',10027,1987),('pt20028','P014',10028,1995),('pt20029','P017',10029,1991),('pt20030','P013',10030,1996),('pt20031','P015',10031,1976),('pt20032','P019',10032,1967),('pt20033','P014',10033,1987),('pt20034','P017',10034,1979),('pt20035','P017',10035,1990),('pt20036','P015',10036,1997),('pt20037','P016',10037,1991),('pt20038','P013',10038,1991),('pt20039','P019',10039,1992),('pt20040','P012',10040,1969),('pt20041','P012',10041,1984),('pt20042','P014',10042,1985),('pt20043','P013',10043,1997),('pt20044','P012',10044,1991),('pt20045','P012',10045,1979),('pt20046','P019',10046,1999),('pt20047','P013',10047,1987),('pt20048','P015',10048,1984),('pt20049','P014',10049,1985),('pt20050','P028',10051,1957),('pt20051','P029',10052,1979),('pt20052','P025',10053,1942),('pt20053','P021',10054,1939),('pt20054','P024',10055,1946),('pt20055','P028',10056,1975),('pt20056','P027',10057,1960),('pt20057','P029',10058,1994),('pt20058','P020',10059,1954),('pt20059','P021',10060,1993),('pt20060','P026',10061,1952),('pt20061','P029',10062,2001),('pt20062','P022',10063,1951),('pt20063','P029',10064,1950),('pt20064','P018',10065,1938),('pt20065','P024',10066,1960),('pt20066','P018',10067,2008),('pt20067','P018',10068,1972),('pt20068','P030',10069,2001),('pt20069','P030',10070,1994),('pt20070','P026',10071,1991),('pt20071','P020',10072,1939),('pt20072','P025',10073,1995),('pt20073','P023',10074,1958),('pt20074','P020',10075,1961),('pt20075','P037',10076,2010),('pt20076','P034',10077,1984),('pt20077','P032',10078,1994),('pt20078','P035',10079,2004),('pt20079','P032',10080,1998),('pt20080','P041',10081,1992),('pt20081','P040',10082,1999),('pt20082','P041',10083,1998),('pt20083','P032',10084,2018),('pt20084','P036',10085,1999),('pt20085','P038',10086,1995),('pt20086','P033',10087,2007),('pt20087','P033',10088,1995),('pt20088','P035',10089,2003),('pt20089','P041',10090,1983),('pt20090','P036',10091,2018),('pt20091','P032',10092,2006),('pt20092','P039',10093,1997),('pt20093','P031',10094,1994),('pt20094','P032',10095,1991),('pt20095','P040',10096,2011),('pt20096','P039',10097,2020),('pt20097','P034',10098,2012),('pt20098','P038',10099,2000),('pt20099','P041',10100,1987);
INSERT INTO role (roleID,roleName) VALUES ('R1000','Author'),('R1001','Narrator'),('R1002','Composer'),('R1003','Artist'),('R1004','Singer'),('R1005','Song Writer'),('R1006','Drummer'),('R1007','Guitarist'),('R1008','Bass'),('R1009','Director'),('R1010','DJ'),('R1011','Rapper'),('R1012','Trumpet'),('R1013','Sax'),('R1014','Keyboard'),('R1015','Comedian'),('r1016','Piano'),('r1017','Lead Actor'),('r1018','Acting Support'),('r1020','Writer (Novel)'),('r1021','Screenplay'),('r1022','Producer'),('R1023','Voice Actor');
INSERT INTO genre_title (gtID,titleFID,genreFID) VALUES ('gt100001',10000,'g000018'),('gt100002',10001,'g000020'),('gt100003',10001,'g000021'),('gt100004',10001,'g000026'),('gt100005',10002,'g000014'),('gt100006',10002,'g000021'),('gt100007',10002,'g000024'),('gt100008',10003,'g000023'),('gt100009',10003,'g000025'),('gt100010',10004,'g000017'),('gt100011',10004,'g000020'),('gt100012',10004,'g000021'),('gt100013',10005,'g000023'),('gt100014',10006,'g000014'),('gt100015',10006,'g000020'),('gt100016',10007,'g000024'),('gt100017',10008,'g000014'),('gt100018',10009,'g000016'),('gt100019',10009,'g000022'),('gt100020',10010,'g000015'),('gt100022',10010,'g000025'),('gt100023',10011,'g000014'),('gt100024',10011,'g000015'),('gt100025',10012,'g000016'),('gt100026',10012,'g000020'),('gt100027',10012,'g000026'),('gt100028',10013,'g000017'),('gt100029',10013,'g000020'),('gt100030',10013,'g000021'),('gt100031',10014,'g000020'),('gt100032',10015,'g000019'),('gt100033',10015,'g000022'),('gt100034',10015,'g000025'),('gt100035',10016,'g000014'),('gt100036',10017,'g000015'),('gt100037',10018,'g000014'),('gt100038',10018,'g000017'),('gt100039',10018,'g000024'),('gt100040',10019,'g000014'),('gt100041',10019,'g000016'),('gt100042',10019,'g000023'),('gt100043',10020,'g000022'),('gt100044',10022,'g000017'),('gt100045',10022,'g000018'),('gt100046',10023,'g000015'),('gt100047',10023,'g000017'),('gt100048',10023,'g000018'),('gt100049',10024,'g000023'),('gt100050',10026,'g000004'),('gt100051',10027,'g000006'),('gt100052',10028,'g000019'),('gt100053',10029,'g000008'),('gt100054',10030,'g000009'),('gt100055',10031,'g000009'),('gt100056',10032,'g000010'),('gt100057',10033,'g000012'),('gt100058',10034,'g000002'),('gt100059',10037,'g000008'),('gt100060',10038,'g000010'),('gt100061',10039,'g000010'),('gt100062',10040,'g000010'),('gt100063',10041,'g000011'),('gt100064',10042,'g000012'),('gt100065',10043,'g000001'),('gt100066',10044,'g000003'),('gt100067',10046,'g000004'),('gt100068',10047,'g000008'),('gt100069',10048,'g000010'),('gt100070',10049,'g000013'),('gt100071',10051,'g000014'),('gt100072',10051,'g000017'),('gt100073',10052,'g000016'),('gt100074',10052,'g000017'),('gt100075',10052,'g000025'),('gt100076',10053,'g000016'),('gt100077',10053,'g000024'),('gt100078',10054,'g000015'),('gt100079',10055,'g000016'),('gt100080',10055,'g000017'),('gt100081',10056,'g000021'),('gt100082',10056,'g000022'),('gt100083',10056,'g000026'),('gt100084',10057,'g000018'),('gt100085',10057,'g000024'),('gt100086',10058,'g000020'),('gt100087',10058,'g000021'),('gt100088',10058,'g000022'),('gt100089',10059,'g000022'),('gt100090',10060,'g000017'),('gt100091',10060,'g000024'),('gt100092',10061,'g000019'),('gt100093',10061,'g000026'),('gt100094',10062,'g000016'),('gt100095',10062,'g000019'),('gt100096',10063,'g000014'),('gt100097',10063,'g000017'),('gt100098',10064,'g000020'),('gt100099',10064,'g000022'),('gt100100',10065,'g000022'),('gt100101',10065,'g000023'),('gt100102',10066,'g000014'),('gt100103',10066,'g000015'),('gt100104',10067,'g000014'),('gt100105',10067,'g000016'),('gt100106',10067,'g000026'),('gt100107',10068,'g000019'),('gt100108',10068,'g000020'),('gt100109',10068,'g000023'),('gt100110',10069,'g000015'),('gt100111',10069,'g000020'),('gt100112',10069,'g000024'),('gt100113',10070,'g000014'),('gt100114',10070,'g000022'),('gt100115',10071,'g000016'),('gt100116',10071,'g000019'),('gt100117',10072,'g000025'),('gt100118',10073,'g000016'),('gt100119',10073,'g000020'),('gt100120',10074,'g000015'),('gt100121',10074,'g000019'),('gt100122',10075,'g000014'),('gt100123',10075,'g000023'),('gt100124',10076,'g000014'),('gt100125',10076,'g000018'),('gt100126',10076,'g000020'),('gt100127',10077,'g000018'),('gt100128',10077,'g000022'),('gt100129',10078,'g000014'),('gt100130',10078,'g000015'),('gt100131',10079,'g000022'),('gt100132',10079,'g000024'),('gt100133',10080,'g000017'),('gt100134',10080,'g000018'),('gt100135',10080,'g000021'),('gt100136',10081,'g000018'),('gt100137',10082,'g000016'),('gt100138',10082,'g000018'),('gt100139',10082,'g000023'),('gt100140',10083,'g000014'),('gt100141',10083,'g000018'),('gt100142',10083,'g000022'),('gt100143',10084,'g000021'),('gt100144',10084,'g000025'),('gt100145',10085,'g000023'),('gt100146',10085,'g000026'),('gt100147',10086,'g000018'),('gt100148',10086,'g000019'),('gt100149',10087,'g000014'),('gt100150',10087,'g000021'),('gt100151',10088,'g000022'),('gt100152',10088,'g000023'),('gt100153',10089,'g000015'),('gt100154',10089,'g000020'),('gt100155',10090,'g000015'),('gt100156',10090,'g000026'),('gt100157',10091,'g000022'),('gt100158',10092,'g000018'),('gt100159',10092,'g000019'),('gt100160',10092,'g000025'),('gt100161',10093,'g000021'),('gt100162',10094,'g000015'),('gt100163',10094,'g000023'),('gt100164',10094,'g000026'),('gt100165',10095,'g000017'),('gt100166',10095,'g000023'),('gt100167',10096,'g000026'),('gt100168',10097,'g000024'),('gt100169',10098,'g000018'),('gt100170',10098,'g000022'),('gt100171',10099,'g000014'),('gt100172',10099,'g000018'),('gt100173',10099,'g000022'),('gt100174',10100,'g000016');
INSERT INTO title (titleID, typeFID, titleName, ageSuitabilityRating) VALUES (10000,'T1','The Great Gatsby','13+'),(10001,'T1','American Gods','17+'),(10002,'T1','Snow Crash','All'),(10003,'T1','Old Man\'s War','17+'),(10004,'T1','The Lord of the Rings','13+'),(10005,'T1','The First Law trilogy','17+'),(10006,'T1','The Night\'s Dawn trilogy','13+'),(10007,'T1','Red Rising series','All'),(10008,'T1','Ender\'s Game','7+'),(10009,'T1','Mistborn series','7+'),(10010,'T1','We Are Bob','13+'),(10011,'T1','Clifford','13+'),(10012,'T1','The Stormlight Archives','All'),(10013,'T1','Hotdog Run','13+'),(10014,'T1','Do Androids Dream of Electric Sheep','13+'),(10015,'T1','Dune','All'),(10016,'T1','World War Z','13+'),(10017,'T1','Crazy Made-up Story','17+'),(10018,'T1','G','17+'),(10019,'T1','The Dark Tower series','7+'),(10020,'T1','The Giver','13+'),(10022,'T1','Hyperion','All'),(10023,'T1','The Ryria Revelations','All'),(10024,'T1','1984','All'),(10026,'T2','Led Zeppelin IV','All'),(10027,'T2','Bad','7+'),(10028,'T2','Jagged Little Pill','7+'),(10029,'T2','Dangerous','13+'),(10030,'T2','Falling into You','7+'),(10031,'T2','Hotel California','7+'),(10032,'T2','Sgt. Pepper\'s Lonely Hearts Club Band','13+'),(10033,'T2','Dirty Dancing','13+'),(10034,'T2','The Wall','13+'),(10035,'T2','The Immaculate Collection','All'),(10036,'T2','Let\'s Talk About Love','All'),(10037,'T2','Metallica','13+'),(10038,'T2','Nevermind','13+'),(10039,'T2','Gold: Greatest Hits','All'),(10040,'T2','Abbey Road','13+'),(10041,'T2','Fake Album','13+'),(10042,'T2','Brothers in Arms','All'),(10043,'T2','Titanic: Music from the Motion Picture','All'),(10044,'T2','Yestermind','13+'),(10045,'T2','Blah Blah','13+'),(10046,'T2','Supernatural','17+'),(10047,'T2','Appetite for Destruction','All'),(10048,'T2','Born in the U.S.A.','17+'),(10049,'T2','Elvis\' Christmas Album','13+'),(10051,'T3','12 Angry Men','G'),(10052,'T3','Apocalypse Now','R'),(10053,'T3','Casablanca','R'),(10054,'T3','Gone with the Wind','PG'),(10055,'T3','Its a Wonderful Life','PG'),(10056,'T3','Jaws','G'),(10057,'T3','Psycho','R'),(10058,'T3','Pulp Fiction','PG'),(10059,'T3','Rear Window','PG'),(10060,'T3','Schindlers List','PG13'),(10061,'T3','Singing in the Rain','G'),(10062,'T3','Spirited Away','R'),(10063,'T3','Strangers on a Train','PG13'),(10064,'T3','Sunset Boulevard','PG13'),(10065,'T3','The Adventures of Robin Hood','PG13'),(10066,'T3','The Apartment','PG13'),(10067,'T3','The Dark Knight','G'),(10068,'T3','The Godfather','G'),(10069,'T3','The Lord of the Rings: The Fellowship of the Ring','PG13'),(10070,'T3','The Shawshank Redemption','PG'),(10071,'T3','The Silence of the Lambs','PG'),(10072,'T3','The Wizard of Oz','R'),(10073,'T3','Toy Story','R'),(10074,'T3','Vertigo','R'),(10075,'T3','Yojimbo','G'),(10076,'T4','Game of Thrones','G'),(10077,'T4','Breaking Bad','PG13'),(10078,'T4','The Wire','G'),(10079,'T4','Lost','G'),(10080,'T4','The Sopranos','G'),(10081,'T4','Seinfeld','M'),(10082,'T4','The Office (US)','PG'),(10083,'T4','Mad Men','G'),(10084,'T4','The Simpsons','G'),(10085,'T4','It\'s Always Sunny in Philadelphia','PG13'),(10086,'T4','Arrested Development','G'),(10087,'T4','Fargo','G'),(10088,'T4','Parks and Recreation','G'),(10089,'T4','Buffy the Vampire Slayer','M'),(10090,'T4','Rick & Morty','PG'),(10091,'T4','Sherlock','M'),(10092,'T4','Mr. Robot','M'),(10093,'T4','Six Feet Under','PG'),(10094,'T4','Community','M'),(10095,'T4','Friends','G'),(10096,'T4','The Leftovers','PG13'),(10097,'T4','Battlestar Galactica','PG'),(10098,'T4','True Detective','M'),(10099,'T4','The West Wing','PG13'),(10100,'T4','South Park','G'),(10101,'T4','Family Guy','M');
INSERT INTO tv (mtID,titleFID,typeFID,seasonNum,numEpisodes,fictionOrNot) VALUES ('mt750001','T4',10076,6,11,'fiction'),('mt750002','T4',10077,5,8,'fiction'),('mt750003','T4',10078,7,11,'fiction'),('mt750004','T4',10079,7,12,'fiction'),('mt750005','T4',10080,2,10,'fiction'),('mt750006','T4',10081,7,10,'fiction'),('mt750007','T4',10082,6,11,'nonFiction'),('mt750008','T4',10083,5,8,'fiction'),('mt750009','T4',10084,1,12,'fiction'),('mt750010','T4',10085,1,11,'fiction'),('mt750011','T4',10086,5,10,'fiction'),('mt750012','T4',10087,6,9,'fiction'),('mt750013','T4',10088,3,9,'fiction'),('mt750014','T4',10089,3,9,'fiction'),('mt750015','T4',10090,1,8,'fiction'),('mt750016','T4',10091,5,11,'fiction'),('mt750017','T4',10092,6,8,'fiction'),('mt750018','T4',10093,7,10,'fiction'),('mt750019','T4',10094,6,9,'fiction'),('mt750020','T4',10095,4,11,'fiction'),('mt750021','T4',10096,2,8,'fiction'),('mt750022','T4',10097,6,8,'fiction'),('mt750023','T4',10098,6,8,'fiction'),('mt750024','T4',10099,3,8,'fiction'),('mt750025','T4',10100,1,8,'nonFiction');
INSERT INTO type1 (typeID,audioOrVideo,typeName) VALUES ('T1','audio','audiobook'),('T2','audio','music'),('T3','video','movie'),('T4','video','TV');
INSERT INTO medialib.catformat(ctID,titleFID,categoryFID) VALUES ('ct000001','10000','CA001'), ('ct000002','10001','CA001'), ('ct000003','10002','CA001'), ('ct000004','10003','CA001'), ('ct000005','10004','CA001'), ('ct000006','10005','CA001'), ('ct500001','10006','CA002'), ('ct500002','10007','CA002'), ('ct500003','10008','CA002'), ('ct500004','10009','CA002'), ('ct500005','10010','CA002'), ('ct500006','10011','CA002'), ('ct500007','10012','CA002'), ('ct500008','10013','CA002'), ('ct500009','10014','CA002'), ('ct500010','10015','CA002'), ('ct500011','10016','CA002'), ('ct500012','10017','CA002'), ('ct500013','10018','CA002'), ('ct500014','10019','CA002'), ('ct500015','10020','CA002'), ('ct500016','10021','CA002'), ('ct500017','10022','CA002'), ('ct500018','10023','CA002'), ('ct500019','10024','CA002'), ('ct000007','10025','CA001'), ('ct000008','10026','CA001'), ('ct000009','10027','CA001'), ('ct000010','10028','CA001'), ('ct000011','10029','CA001'), ('ct000012','10030','CA001'), ('ct000013','10031','CA001'), ('ct000014','10032','CA001'), ('ct500020','10033','CA002'), ('ct500021','10034','CA002'), ('ct500022','10035','CA002'), ('ct500023','10036','CA002'), ('ct500024','10037','CA002'), ('ct500025','10038','CA002'), ('ct500026','10039','CA002'), ('ct500027','10040','CA002'), ('ct500028','10041','CA002'), ('ct000015','10042','CA001'), ('ct000016','10043','CA001'), ('ct000017','10044','CA001'), ('ct000018','10045','CA001'), ('ct000019','10046','CA001'), ('ct000020','10047','CA001'), ('ct000021','10048','CA001'), ('ct000022','10049','CA001'), ('ct000023','10050','CA001'), ('ct000024','10051','CA001'), ('ct000025','10052','CA001'), ('ct000026','10053','CA001'), ('ct000027','10054','CA001'), ('ct000028','10055','CA001'), ('ct000029','10056','CA001'), ('ct000030','10057','CA001'), ('ct000031','10058','CA001'), ('ct000032','10059','CA001'), ('ct000033','10060','CA001'), ('ct000034','10061','CA001'), ('ct000035','10062','CA001'), ('ct000036','10063','CA001'), ('ct000037','10064','CA001'), ('ct500029','10065','CA001'), ('ct500030','10066','CA002'), ('ct500031','10067','CA002'), ('ct500032','10068','CA002'), ('ct500033','10069','CA002'), ('ct500034','10070','CA002'), ('ct500035','10071','CA002'), ('ct500036','10072','CA002'), ('ct500037','10073','CA002'), ('ct000038','10074','CA001'), ('ct000039','10075','CA001'), ('ct000040','10076','CA001'), ('ct000041','10077','CA001'), ('ct000042','10078','CA001'), ('ct000043','10079','CA001'), ('ct000044','10080','CA001'), ('ct000045','10081','CA001'), ('ct000046','10082','CA001'), ('ct000047','10083','CA001'), ('ct000048','10084','CA001'), ('ct000049','10085','CA001'), ('ct000050','10086','CA001'), ('ct000051','10087','CA001'), ('ct000052','10088','CA001'), ('ct000053','10089','CA001'), ('ct000054','10090','CA001'), ('ct500038','10091','CA002'), ('ct500039','10092','CA002'), ('ct500040','10093','CA002'), ('ct500041','10094','CA002'), ('ct500042','10095','CA002'), ('ct500043','10096','CA002'), ('ct500044','10097','CA002'), ('ct500045','10098','CA002'), ('ct500046','10099','CA002'), ('ct500047','10100','CA002');

ALTER TABLE contributor ADD nationality VARCHAR(15) DEFAULT NULL;
UPDATE contributor SET nationality = 'nondomestic' WHERE contributor.contributorID >= 'CB50001';
UPDATE contributor SET nationality = 'domestic' WHERE contributor.contributorID < 'CB50001';

ALTER TABLE media ADD mediaName VARCHAR(20) DEFAULT NULL;
UPDATE media SET mediaName = 'audiobook' WHERE media.mtID <= 'mt250000';
UPDATE media SET mediaName = 'music' WHERE media.mtID <= 'mt500000' AND mtID >= 'mt250001';
UPDATE media SET mediaName = 'movies' WHERE media.mtID <= 'mt750000' AND mtID >= 'mt500001';
UPDATE media SET mediaName = 'tv' WHERE media.mtID >= 'mt750001';

ALTER TABLE digital ADD digitalFormat VARCHAR(20) DEFAULT NULL;
UPDATE digital SET digitalFormat = 'Streaming' WHERE digital.ctID >= 'ct500001';


DELIMITER //
CREATE PROCEDURE getTitles()
BEGIN
	SELECT *  FROM title
		ORDER BY title.titleID
			LIMIT 10;
            
END //
DELIMITER ;
CALL getTitles();

DROP TABLE IF EXISTS altered_contributors;
CREATE TABLE altered_contributors (
  contributorID VARCHAR(7) NOT NULL,
  phoneFID VARCHAR(7) NULL,
  emailFID VARCHAR(5) NULL,
  lastName VARCHAR(20) NOT NULL,
  firstName VARCHAR(20) NOT NULL,
  PRIMARY KEY(contributorID),
  FOREIGN KEY(phoneFID) REFERENCES phone(phoneID),
  FOREIGN KEY(emailFID) REFERENCES email(emailID)
);

DROP TRIGGER IF EXISTS before_delete_contributor;
DELIMITER //
CREATE TRIGGER before_delete_contributor
 BEFORE DELETE
 ON contributor FOR EACH ROW
BEGIN
 INSERT INTO altered_contributors (contributorID,phoneFID,emailFID,lastName,firstName) values (old.contributorID, old.phoneFID, old.emailFID,old.lastName,old.firstName);
END//
DELIMITER ;

SHOW TRIGGERS;
SELECT * FROM altered_contributors;


SELECT *
	FROM contributor
		ORDER BY contributorID
			LIMIT 5;

DELETE FROM medialib.contributor WHERE contributor.contributorID = 'CB00001' AND contributor.lastName = 'Fitzgerald';

SELECT *
	FROM contributor
		ORDER BY contributorID
			LIMIT 5;
            
SET SQL_SAFE_UPDATES = 0;

UPDATE contributor
	SET lastName = 'Wylie'
		WHERE contributor.contributorID = 'CB00002';

SELECT *
	FROM contributor
		WHERE lastName = 'Wylie';

-- Function that counts number of audiobooks in database
DELIMITER //
CREATE
   DEFINER = CURRENT_USER
   FUNCTION audiobook_count()
   RETURNS INT DETERMINISTIC
   BEGIN
	  DECLARE temp INT;
	  SET temp = 0;
      SELECT COUNT(*) INTO temp FROM audiobook;
      RETURN temp;
   END //
   DELIMITER ;

SHOW FUNCTION STATUS WHERE db = 'medialib';
SELECT audiobook_count();

DROP VIEW IF EXISTS newView;
CREATE VIEW newView
	AS SELECT
		domestic.state, domestic.zipCode, domestic.street, domestic.city, nondomestic.country, contributor.lastName, contributor.firstName, contributor.phoneFID, contributor.emailFID
		FROM contributor
			LEFT JOIN domestic ON domestic.contributorID = contributor.contributorID
            LEFT JOIN nondomestic ON nondomestic.contributorID = domestic.contributorID;
            
-- DROP VIEW IF EXISTS newView;
-- CREATE VIEW newView
-- 	AS SELECT
-- 		title.titleName, publisher_title.publishYear, publisher.publisherName, contributor.lastName, contributor.firstName, contributor.nationality, role.roleName
-- 		FROM title
-- 			LEFT JOIN publisher_title ON publisher_title.titleFID = contributor.contributorID
--             LEFT JOIN publisher ON publisher.publisherID = publisher_title.publisherFID
--             LEFT JOIN performance ON role.titleFID = title.titleID
--             LEFT JOIN role ON role.roleID = performance.roleFID
--             LEFT JOIN contributor ON contributor.contributorID = performance.contributorFID;

-- SELECT title.titleName, category.categoryName, media.mediaName, type1.typeID
-- 		FROM title, category, media, type1
-- 			WHERE title.titleID = media.titleFID AND 

-- Title Report (b) List titlename, categoryName, mediaName for all movies available in DVD or BluRay format.
DROP TABLE IF EXISTS newTable;
CREATE TABLE newTable
	AS SELECT
		title.titleName, media.mediaName, title.titleID
		FROM title
			LEFT JOIN media ON media.titleFID = title.titleID;

DROP TABLE IF EXISTS newTable1;
CREATE TABLE newTable1
	AS SELECT
		newTable.titleName, newTable.mediaName, newTable.titleID, physical.physicalFormat, physical.categoryFID
		FROM newTable
			LEFT JOIN physical ON physical.titleFID = newTable.titleID;

DROP TABLE IF EXISTS newTable2;
CREATE TABLE newTable2
	AS SELECT
		newTable1.titleName, newTable1.mediaName, newTable1.titleID, newTable1.physicalFormat, newTable1.categoryFID, category.digitalOrPhysical 
		FROM newTable1
			LEFT JOIN category ON category.categoryID = newTable1.categoryFID;
            
SELECT newTable2.titleID, newTable2.titleName AS 'Title', newTable2.digitalOrPhysical AS 'Category Name', newTable2.mediaName AS 'Media', newTable2.physicalFormat AS'FORMAT'
		FROM newTable2
			WHERE newTable2.physicalFormat =  'CD' OR newTable2.physicalFormat = 'BluRay';

-- Title Reports 1a. List by titleName, publication year, entry date, categoryName, mediaName, publisherName, and firstName, lastName, roleName, and nationalityName for all contributors.  List in titleName order.
DROP TABLE IF EXISTS newTable3;
CREATE TABLE newTable3
	AS SELECT
		title.titleID, title.typeFID, title.titleName, performance.performID, performance.contributorFID, performance.roleFID
		FROM title
			LEFT JOIN performance ON performance.titleFID = title.titleID;

DROP TABLE IF EXISTS newTable4;
CREATE TABLE newTable4
	AS SELECT
		newtable3.titleID, newtable3.typeFID, newtable3.titleName, newtable3.performID, newtable3.contributorFID, newtable3.roleFID, contributor.contributorID, contributor.lastName, contributor.firstName, contributor.phoneFID, contributor.emailFID, contributor.nationality
		FROM newtable3
			LEFT JOIN contributor ON contributor.contributorID = newtable3.contributorFID;
SELECT * FROM medialib.newtable4 LIMIT 10;

DROP TABLE IF EXISTS newTable5;
CREATE TABLE newTable5
	AS SELECT
		newTable4.titleID, newTable4.typeFID, newTable4.titleName, newTable4.performID, newTable4.contributorFID, newTable4.nationality,
        newTable4.roleFID, newTable4.contributorID, newTable4.lastName, newTable4.firstName, newTable4.phoneFID, newTable4.emailFID,
        publisher_title.ptID, publisher_title.publisherFID, publisher_title.titleFID, publisher_title.publishYear
		FROM newTable4
			LEFT JOIN publisher_title ON publisher_title.titleFID = newTable4.titleID;
SELECT * FROM medialib.newTable5 LIMIT 10;

DROP TABLE IF EXISTS newTable6;
CREATE TABLE newTable6
	AS SELECT
		newTable5.titleID, newTable5.typeFID, newTable5.titleName, newTable5.performID, newTable5.contributorFID, newTable5.nationality,
        newTable5.roleFID, newTable5.contributorID, newTable5.lastName, newTable5.firstName, newTable5.phoneFID, newTable5.emailFID,
        newTable5.ptID, newTable5.publisherFID, newTable5.titleFID, newTable5.publishYear, catformat.ctID, catformat.categoryFID
		FROM newTable5
			LEFT JOIN catformat ON catformat.titleFID = newTable5.titleID;

DROP TABLE IF EXISTS newTable7;
CREATE TABLE newTable7
	AS SELECT
		newTable6.titleID, newTable6.typeFID, newTable6.titleName, newTable6.performID, newTable6.contributorFID, newTable6.nationality,
        newTable6.roleFID, newTable6.contributorID, newTable6.lastName, newTable6.firstName, newTable6.phoneFID, newTable6.emailFID,
        newTable6.ptID, newTable6.publisherFID, newTable6.titleFID, newTable6.publishYear, newTable6.ctID, newTable6.categoryFID, 
        category.digitalOrPhysical
		FROM newTable6
			LEFT JOIN category ON category.categoryID = newTable6.categoryFID;

DROP TABLE IF EXISTS newTable8;
CREATE TABLE newTable8
	AS SELECT
		newTable7.titleID, newTable7.typeFID, newTable7.titleName, newTable7.performID, newTable7.contributorFID, newTable7.nationality,
        newTable7.roleFID, newTable7.contributorID, newTable7.lastName, newTable7.firstName, newTable7.phoneFID, newTable7.emailFID,
        newTable7.ptID, newTable7.publisherFID, newTable7.titleFID, newTable7.publishYear, newTable7.ctID, newTable7.categoryFID, 
        newTable7.digitalOrPhysical, media.mtID, media.mediaName
		FROM newTable7
			LEFT JOIN media ON media.titleFID = newTable7.titleID;
            
DROP TABLE IF EXISTS newTable9;
CREATE TABLE newTable9
	AS SELECT
		newTable8.titleID, newTable8.typeFID, newTable8.titleName, newTable8.performID, newTable8.contributorFID, newTable8.nationality,
        newTable8.roleFID, newTable8.contributorID, newTable8.lastName, newTable8.firstName, newTable8.phoneFID, newTable8.emailFID,
        newTable8.ptID, newTable8.publisherFID, newTable8.titleFID, newTable8.publishYear, newTable8.ctID, newTable8.categoryFID, 
        newTable8.digitalOrPhysical, newTable8.mtID, newTable8.mediaName, publisher.publisherName
		FROM newTable8
			LEFT JOIN publisher ON publisher.publisherID = newTable8.publisherFID;

DROP TABLE IF EXISTS newTable10;
CREATE TABLE newTable10
	AS SELECT
		newTable9.titleID, newTable9.typeFID, newTable9.titleName, newTable9.performID, newTable9.contributorFID, newTable9.nationality,
        newTable9.roleFID, newTable9.contributorID, newTable9.lastName, newTable9.firstName, newTable9.phoneFID, newTable9.emailFID,
        newTable9.ptID, newTable9.publisherFID, newTable9.titleFID, newTable9.publishYear, newTable9.ctID, newTable9.categoryFID, 
        newTable9.digitalOrPhysical, newTable9.mtID, newTable9.mediaName, newTable9.publisherName, role.roleName
		FROM newTable9
			LEFT JOIN role ON role.roleID = newTable9.roleFID;

-- Title Reports c.	List the titles of all drama movies with counts for DVD, BluRay, and streaming titles.

DROP TABLE IF EXISTS newTable11;
CREATE TABLE newTable11
	AS SELECT
		newTable10.titleID, newTable10.typeFID, newTable10.titleName, newTable10.performID, newTable10.contributorFID, newTable10.nationality,
        newTable10.roleFID, newTable10.contributorID, newTable10.lastName, newTable10.firstName, newTable10.phoneFID, newTable10.emailFID,
        newTable10.ptID, newTable10.publisherFID, newTable10.titleFID, newTable10.publishYear, newTable10.ctID, newTable10.categoryFID, 
        newTable10.digitalOrPhysical, newTable10.mtID, newTable10.mediaName, newTable10.publisherName, newTable10.roleName, genre_title.gtID, 
        genre_title.genreFID
		FROM newTable10
			LEFT JOIN genre_title ON genre_title.titleFID = newTable10.titleID;

DROP TABLE IF EXISTS newTable12;
CREATE TABLE newTable12
	AS SELECT
		newTable11.titleID, newTable11.typeFID, newTable11.titleName, newTable11.performID, newTable11.contributorFID, newTable11.nationality,
        newTable11.roleFID, newTable11.contributorID, newTable11.lastName, newTable11.firstName, newTable11.phoneFID, newTable11.emailFID,
        newTable11.ptID, newTable11.publisherFID, newTable11.titleFID, newTable11.publishYear, newTable11.ctID, newTable11.categoryFID, 
        newTable11.digitalOrPhysical, newTable11.mtID, newTable11.mediaName, newTable11.publisherName, newTable11.roleName, newTable11.gtID, 
        newTable11.genreFID, genre.genreName
		FROM newTable11
			LEFT JOIN genre ON genre.genreID = newTable11.genreFID;

DROP TABLE IF EXISTS newTable13;
CREATE TABLE newTable13
	AS SELECT
		newTable12.titleID, newTable12.typeFID, newTable12.titleName, newTable12.performID, newTable12.contributorFID, newTable12.nationality,
        newTable12.roleFID, newTable12.contributorID, newTable12.lastName, newTable12.firstName, newTable12.phoneFID, newTable12.emailFID,
        newTable12.ptID, newTable12.publisherFID, newTable12.titleFID, newTable12.publishYear, newTable12.ctID, newTable12.categoryFID, 
        newTable12.digitalOrPhysical, newTable12.mtID, newTable12.mediaName, newTable12.publisherName, newTable12.roleName, newTable12.gtID, 
        newTable12.genreFID, newTable12.genreName, physical.physicalFormat, physical.numMediaObjects
		FROM newTable12
			LEFT JOIN physical ON physical.titleFID = newTable12.titleID;

DROP TABLE IF EXISTS newTable14;
CREATE TABLE newTable14
	AS SELECT
		newTable13.titleID, newTable13.typeFID, newTable13.titleName, newTable13.performID, newTable13.contributorFID, newTable13.nationality,
        newTable13.roleFID, newTable13.contributorID, newTable13.lastName, newTable13.firstName, newTable13.phoneFID, newTable13.emailFID,
        newTable13.ptID, newTable13.publisherFID, newTable13.titleFID, newTable13.publishYear, newTable13.ctID, newTable13.categoryFID, 
        newTable13.digitalOrPhysical, newTable13.mtID, newTable13.mediaName, newTable13.publisherName, newTable13.roleName, newTable13.gtID, 
        newTable13.genreFID, newTable13.genreName, newTable13.physicalFormat, newTable13.numMediaObjects, digital.website, digital.digitalFormat
		FROM newTable13
			LEFT JOIN digital ON digital.titleFID = newTable13.titleID;
            
-- Contributor reports b.List all the British artists who have contributed, the titles to which they have contributed, and the roles for those titles.
-- We don't have a Rock genre, so we used Jazz
SELECT
	DISTINCT newTable14.titleName, newTable14.genreName, newTable14.mediaName, COUNT(DISTINCT(newTable14.physicalFormat)) AS 'Physical Format',  COUNT(newTable14.digitalFormat) AS 'Streaming'
    FROM newTable14
		WHERE (newTable14.physicalFormat = 'DVD' OR newTable14.physicalFormat = 'BluRay' OR newTable14.digitalFormat = 'Streaming') AND newTable14.mediaName = 'movies' AND newTable14.genreName = ' Drama';
        
SELECT 
	newTable14.lastName, newTable14.firstName, newTable14.titleName, newTable14.roleName
	FROM newTable14, nondomestic
		WHERE newTable14.contributorID = nondomestic.contributorID AND nondomestic.country='England';

-- SELECT
-- 	genre.genreName, count(title.titleName) AS 'Counter'
-- 		FROM title, genre, genre_title
-- 		WHERE title.titleID = genre_title.titleFID AND genre_title.genreFID = genre.genreID AND  genreName = 'Jazz';
-- 			
-- SELECT
-- 	newTable14.mediaName, COUNT(DISTINCT newTable14.mediaName) AS 'Num Audiobooks'
--     FROM newTable14
--     WHERE newTable14.mediaName = 'audiobook';